"STATION","DATE","LATITUDE","LONGITUDE","ELEVATION","NAME","TEMP","TEMP_ATTRIBUTES","DEWP","DEWP_ATTRIBUTES","SLP","SLP_ATTRIBUTES","STP","STP_ATTRIBUTES","VISIB","VISIB_ATTRIBUTES","WDSP","WDSP_ATTRIBUTES","MXSPD","GUST","MAX","MAX_ATTRIBUTES","MIN","MIN_ATTRIBUTES","PRCP","PRCP_ATTRIBUTES","SNDP","FRSHTT"
"01352099999","2024-01-01","60.1833333","7.4833333","1250.0","SANDHAUG, NO","   9.6"," 4","   7.2"," 4","9999.9"," 0","999.9"," 0","999.9"," 0"," 23.3"," 4"," 29.1","999.9","  11.5"," ","   8.2"," "," 0.00","I","999.9","000000"
"01352099999","2024-01-02","60.1833333","7.4833333","1250.0","SANDHAUG, NO","   3.9"," 4","   0.9"," 4","9999.9"," 0","999.9"," 0","999.9"," 0"," 22.8"," 4"," 29.1","999.9","   7.9"," ","  -1.5"," "," 0.00","I","999.9","000000"
"01352099999","2024-01-03","60.1833333","7.4833333","1250.0","SANDHAUG, NO","  -2.7"," 4","  -6.3"," 4","9999.9"," 0","999.9"," 0","999.9"," 0"," 18.0"," 4"," 23.3","999.9","   0.3"," ","  -5.4"," "," 0.00","I","999.9","000000"
"01352099999","2024-01-04","60.1833333","7.4833333","1250.0","SANDHAUG, NO"," -13.3"," 5"," -17.7"," 5","9999.9"," 0","999.9"," 0","999.9"," 0","  6.1"," 4"," 11.7","999.9","  -7.2"," "," -22.0"," "," 0.00","I","999.9","000000"
"01352099999","2024-01-05","60.1833333","7.4833333","1250.0","SANDHAUG, NO"," -24.4"," 4"," -29.7"," 4","9999.9"," 0","999.9"," 0","999.9"," 0","  1.0"," 4","  1.9","999.9"," -17.3"," "," -27.0"," "," 0.00","I","999.9","000000"
"01352099999","2024-01-06","60.1833333","7.4833333","1250.0","SANDHAUG, NO"," -20.2"," 5"," -25.4"," 5","9999.9"," 0","999.9"," 0","999.9"," 0","  0.0"," 4","999.9","999.9"," -11.2"," "," -22.5"," "," 0.00","I","999.9","000000"
"01352099999","2024-01-07","60.1833333","7.4833333","1250.0","SANDHAUG, NO"," -19.8","13"," -24.9","13","9999.9"," 0","999.9"," 0","999.9"," 0","999.9"," 0","999.9","999.9"," -13.7"," "," -23.1"," "," 0.00","I"," 28.0","000000"
"01352099999","2024-01-08","60.1833333","7.4833333","1250.0","SANDHAUG, NO","   0.1"," 4","  -3.5"," 4","9999.9"," 0","999.9"," 0","999.9"," 0","999.9"," 0","999.9","999.9","  18.1"," "," -14.1"," "," 0.00","I","999.9","000000"
"01352099999","2024-01-09","60.1833333","7.4833333","1250.0","SANDHAUG, NO","  13.6"," 6","   6.0"," 6","9999.9"," 0","999.9"," 0","999.9"," 0","  5.0"," 5","  9.7"," 10.3","  22.1"," ","   1.4"," "," 0.00","I"," 28.3","000000"
"01352099999","2024-01-10","60.1833333","7.4833333","1250.0","SANDHAUG, NO","  13.5"," 6","   3.1"," 6","9999.9"," 0","999.9"," 0","999.9"," 0","  6.3"," 5"," 11.7","999.9","  30.9"," ","  -0.8"," "," 0.00","I","999.9","000000"
"01352099999","2024-01-11","60.1833333","7.4833333","1250.0","SANDHAUG, NO","  20.8"," 4","  12.4"," 4","9999.9"," 0","999.9"," 0","999.9"," 0"," 10.7"," 4"," 13.6","999.9","  28.6"," ","  14.9"," "," 0.00","I","999.9","000000"
"01352099999","2024-01-12","60.1833333","7.4833333","1250.0","SANDHAUG, NO","  20.6"," 4","  18.3"," 4","9999.9"," 0","999.9"," 0","999.9"," 0"," 21.9"," 4"," 27.2","999.9","  22.5"," ","  16.9"," "," 0.00","I","999.9","000000"
"01352099999","2024-01-13","60.1833333","7.4833333","1250.0","SANDHAUG, NO","  22.0"," 4","  20.3"," 4","9999.9"," 0","999.9"," 0","999.9"," 0"," 21.4"," 4"," 25.3","999.9","  24.8"," ","  18.1"," "," 0.00","I","999.9","000000"
"01352099999","2024-01-14","60.1833333","7.4833333","1250.0","SANDHAUG, NO","  15.7"," 4","  13.1"," 4","9999.9"," 0","999.9"," 0","999.9"," 0"," 12.6"," 4"," 19.4","999.9","  21.0"," ","   7.7"," "," 0.00","I","999.9","000000"
"01352099999","2024-01-15","60.1833333","7.4833333","1250.0","SANDHAUG, NO","   0.6"," 4","  -3.7"," 4","9999.9"," 0","999.9"," 0","999.9"," 0","  4.4"," 4","  5.8","999.9","  10.4"," "," -10.8"," "," 0.00","I","999.9","000000"
"01352099999","2024-01-16","60.1833333","7.4833333","1250.0","SANDHAUG, NO","   0.2"," 4","  -4.7"," 4","9999.9"," 0","999.9"," 0","999.9"," 0"," 10.2"," 4"," 19.4","999.9","   9.7"," "," -22.7"," "," 0.00","I","999.9","000000"
"01352099999","2024-01-17","60.1833333","7.4833333","1250.0","SANDHAUG, NO","   3.4"," 4","   0.3"," 4","9999.9"," 0","999.9"," 0","999.9"," 0","  7.8"," 4"," 13.6","999.9","   8.4"," ","   0.1"," "," 0.00","I","999.9","000000"
"01352099999","2024-01-18","60.1833333","7.4833333","1250.0","SANDHAUG, NO","   5.8"," 4","   2.2"," 4","9999.9"," 0","999.9"," 0","999.9"," 0","  9.7"," 4"," 13.6","999.9","  10.0"," ","  -2.7"," "," 0.00","I","999.9","000000"
"01352099999","2024-01-19","60.1833333","7.4833333","1250.0","SANDHAUG, NO","  12.6"," 5","   9.8"," 5","9999.9"," 0","999.9"," 0","999.9"," 0"," 13.1"," 5"," 17.5","999.9","  14.7"," ","   7.3"," "," 0.00","I","999.9","000000"
"01352099999","2024-01-20","60.1833333","7.4833333","1250.0","SANDHAUG, NO","  10.1"," 4","   7.7"," 4","9999.9"," 0","999.9"," 0","999.9"," 0"," 10.2"," 4"," 21.4","999.9","  16.3"," ","  -7.4"," "," 0.00","I","999.9","000000"
"01352099999","2024-01-21","60.1833333","7.4833333","1250.0","SANDHAUG, NO","  23.3"," 4","  21.8"," 4","9999.9"," 0","999.9"," 0","999.9"," 0"," 16.5"," 4"," 27.2","999.9","  25.3"," ","  19.6"," "," 0.00","I","999.9","000000"
"01352099999","2024-01-22","60.1833333","7.4833333","1250.0","SANDHAUG, NO","  27.9"," 8","  27.0"," 8","9999.9"," 0","999.9"," 0","999.9"," 0"," 28.6"," 8"," 34.2"," 42.9","  30.4"," ","  21.4"," "," 0.05","G","999.9","000000"
"01352099999","2024-01-23","60.1833333","7.4833333","1250.0","SANDHAUG, NO","  23.0"," 5","  21.3"," 5","9999.9"," 0","999.9"," 0","999.9"," 0"," 24.0"," 5"," 33.0"," 34.8","  26.1"," ","  19.4"," "," 0.00","G","999.9","000000"
"01352099999","2024-01-24","60.1833333","7.4833333","1250.0","SANDHAUG, NO","  27.6"," 4","  26.3"," 4","9999.9"," 0","999.9"," 0","999.9"," 0"," 18.5"," 4"," 27.2","999.9","  30.7"," ","  23.0"," "," 0.00","I","999.9","000000"
"01352099999","2024-01-25","60.1833333","7.4833333","1250.0","SANDHAUG, NO","  21.7"," 8","  19.8"," 8","9999.9"," 0","999.9"," 0","999.9"," 0"," 16.6"," 8"," 27.6"," 33.4","  26.1"," ","  14.9"," "," 0.00","I"," 50.4","000000"
"01352099999","2024-01-26","60.1833333","7.4833333","1250.0","SANDHAUG, NO","  23.8"," 4","  22.4"," 4","9999.9"," 0","999.9"," 0","999.9"," 0"," 24.3"," 4"," 31.1","999.9","  25.5"," ","  21.0"," "," 0.00","I","999.9","000000"
"01352099999","2024-01-27","60.1833333","7.4833333","1250.0","SANDHAUG, NO","  28.4"," 5","  26.9"," 5","9999.9"," 0","999.9"," 0","999.9"," 0"," 20.0"," 5"," 27.2"," 32.2","  30.0"," ","  24.3"," "," 0.00","I","999.9","000000"
"01352099999","2024-01-28","60.1833333","7.4833333","1250.0","SANDHAUG, NO","  28.8"," 4","  25.4"," 4","9999.9"," 0","999.9"," 0","999.9"," 0"," 27.2"," 4"," 29.1","999.9","  33.6"," ","  25.2"," "," 0.00","I","999.9","000000"
"01352099999","2024-01-29","60.1833333","7.4833333","1250.0","SANDHAUG, NO","  22.2"," 5","  20.2"," 5","9999.9"," 0","999.9"," 0","999.9"," 0"," 12.1"," 5"," 17.9"," 24.5","  36.9"," ","   8.2"," "," 0.03","G","999.9","000000"
"01352099999","2024-01-30","60.1833333","7.4833333","1250.0","SANDHAUG, NO","  12.3"," 4","   9.7"," 4","9999.9"," 0","999.9"," 0","999.9"," 0","  4.9"," 4"," 13.6","999.9","  19.8"," ","   4.3"," "," 0.00","G","999.9","000000"
"01352099999","2024-01-31","60.1833333","7.4833333","1250.0","SANDHAUG, NO","  23.0"," 4","  20.8"," 4","9999.9"," 0","999.9"," 0","999.9"," 0"," 27.2"," 4"," 35.0","999.9","  26.1"," ","  20.1"," "," 0.00","I","999.9","000000"
"01352099999","2024-02-01","60.1833333","7.4833333","1250.0","SANDHAUG, NO","  19.2"," 6","  17.4"," 6","9999.9"," 0","999.9"," 0","999.9"," 0"," 27.6"," 6"," 35.5"," 47.2","  26.4"," ","  17.6"," "," 0.05","G","999.9","000000"
"01352099999","2024-02-02","60.1833333","7.4833333","1250.0","SANDHAUG, NO","  30.4"," 4","  29.1"," 4","9999.9"," 0","999.9"," 0","999.9"," 0"," 22.8"," 4"," 29.1","999.9","  34.7"," ","  23.0"," "," 0.00","G","999.9","000000"
"01352099999","2024-02-03","60.1833333","7.4833333","1250.0","SANDHAUG, NO","  22.3"," 5","  21.0"," 5","9999.9"," 0","999.9"," 0","999.9"," 0"," 34.3"," 5"," 38.9"," 54.8","  28.4"," ","  19.2"," "," 0.00","I","999.9","000000"
"01352099999","2024-02-04","60.1833333","7.4833333","1250.0","SANDHAUG, NO","  20.2"," 4","  18.8"," 4","9999.9"," 0","999.9"," 0","999.9"," 0"," 22.3"," 4"," 29.1","999.9","  21.6"," ","  17.6"," "," 0.00","I","999.9","000000"
"01352099999","2024-02-05","60.1833333","7.4833333","1250.0","SANDHAUG, NO","   7.7"," 5","   5.0"," 5","9999.9"," 0","999.9"," 0","999.9"," 0"," 14.3"," 5"," 30.7"," 55.0","  17.4"," ","  -5.4"," "," 0.00","I","999.9","000000"
"01352099999","2024-02-06","60.1833333","7.4833333","1250.0","SANDHAUG, NO","  -0.5"," 7","  -4.0"," 7","9999.9"," 0","999.9"," 0","999.9"," 0","  8.1"," 7"," 13.0"," 15.9","   9.1"," "," -19.3"," "," 0.00","I"," 57.1","000000"
"01352099999","2024-02-07","60.1833333","7.4833333","1250.0","SANDHAUG, NO","   3.6"," 4","   1.0"," 4","9999.9"," 0","999.9"," 0","999.9"," 0","  5.8"," 4","  7.8","999.9","  10.0"," ","  -2.0"," "," 0.00","I","999.9","000000"
"01352099999","2024-02-08","60.1833333","7.4833333","1250.0","SANDHAUG, NO","  -8.1"," 4"," -12.7"," 4","9999.9"," 0","999.9"," 0","999.9"," 0","  1.0"," 4","  1.9","999.9","   7.3"," "," -19.5"," "," 0.00","I","999.9","000000"
"01352099999","2024-02-09","60.1833333","7.4833333","1250.0","SANDHAUG, NO"," -15.3"," 4"," -20.4"," 4","9999.9"," 0","999.9"," 0","999.9"," 0","  1.9"," 4","  7.8","999.9","  -5.1"," "," -27.6"," "," 0.00","I","999.9","000000"
"01352099999","2024-02-10","60.1833333","7.4833333","1250.0","SANDHAUG, NO","   2.9"," 5","  -0.5"," 5","9999.9"," 0","999.9"," 0","999.9"," 0"," 14.9"," 5"," 16.1"," 23.5","   3.4"," ","   1.8"," "," 0.00","I","999.9","000000"
"01352099999","2024-02-11","60.1833333","7.4833333","1250.0","SANDHAUG, NO","   9.6"," 5","   7.1"," 5","9999.9"," 0","999.9"," 0","999.9"," 0"," 12.9"," 5"," 15.9"," 17.3","  12.0"," ","   2.3"," "," 0.03","G","999.9","000000"
"01352099999","2024-02-12","60.1833333","7.4833333","1250.0","SANDHAUG, NO","  11.3"," 4","   8.6"," 4","9999.9"," 0","999.9"," 0","999.9"," 0"," 14.6"," 4"," 17.5","999.9","  12.2"," ","  10.8"," "," 0.00","G","999.9","000000"
"01352099999","2024-02-13","60.1833333","7.4833333","1250.0","SANDHAUG, NO","  14.0"," 5","  11.6"," 5","9999.9"," 0","999.9"," 0","999.9"," 0","  6.6"," 5","  9.7"," 13.4","  16.3"," ","  11.5"," "," 0.00","I"," 66.1","000000"
"01352099999","2024-02-14","60.1833333","7.4833333","1250.0","SANDHAUG, NO","  20.9"," 4","  18.8"," 4","9999.9"," 0","999.9"," 0","999.9"," 0","  8.7"," 4"," 11.7","999.9","  25.2"," ","  16.5"," "," 0.00","I","999.9","000000"
"01352099999","2024-02-15","60.1833333","7.4833333","1250.0","SANDHAUG, NO","  18.6"," 5","  17.0"," 5","9999.9"," 0","999.9"," 0","999.9"," 0","  9.1"," 5"," 13.6"," 16.3","  22.3"," ","   7.5"," "," 0.00","I","999.9","000000"
"01352099999","2024-02-16","60.1833333","7.4833333","1250.0","SANDHAUG, NO","  27.1"," 6","  26.2"," 6","9999.9"," 0","999.9"," 0","999.9"," 0","  7.6"," 6"," 14.4"," 18.6","  31.8"," ","  21.7"," "," 0.18","G","999.9","000000"
"01352099999","2024-02-17","60.1833333","7.4833333","1250.0","SANDHAUG, NO","  12.7"," 4","   2.3"," 4","9999.9"," 0","999.9"," 0","999.9"," 0","  7.3"," 4"," 11.7","999.9","  23.4"," ","  -1.5"," "," 0.00","G","999.9","000000"
"01352099999","2024-02-18","60.1833333","7.4833333","1250.0","SANDHAUG, NO","  19.3"," 4","  15.3"," 4","9999.9"," 0","999.9"," 0","999.9"," 0","  4.9"," 4","  7.8","999.9","  21.9"," ","  16.2"," "," 0.00","I","999.9","000000"
"01352099999","2024-02-19","60.1833333","7.4833333","1250.0","SANDHAUG, NO","  27.3"," 4","  26.3"," 4","9999.9"," 0","999.9"," 0","999.9"," 0","  7.3"," 4"," 13.6","999.9","  30.2"," ","  22.3"," "," 0.00","I","999.9","000000"
"01352099999","2024-02-20","60.1833333","7.4833333","1250.0","SANDHAUG, NO","  28.2"," 4","  26.7"," 4","9999.9"," 0","999.9"," 0","999.9"," 0"," 14.1"," 4"," 15.5","999.9","  31.6"," ","  22.5"," "," 0.00","I","999.9","000000"
"01352099999","2024-02-21","60.1833333","7.4833333","1250.0","SANDHAUG, NO","  21.0","10","  18.4","10","9999.9"," 0","999.9"," 0","999.9"," 0","  8.7","10"," 29.1","999.9","  26.4"," ","   7.9"," "," 0.00","I"," 71.3","000000"
"01352099999","2024-02-22","60.1833333","7.4833333","1250.0","SANDHAUG, NO","  25.0"," 4","  23.0"," 4","9999.9"," 0","999.9"," 0","999.9"," 0"," 14.6"," 4"," 19.4","999.9","  26.2"," ","  23.4"," "," 0.00","I","999.9","000000"
"01352099999","2024-02-23","60.1833333","7.4833333","1250.0","SANDHAUG, NO","  24.0"," 4","  22.2"," 4","9999.9"," 0","999.9"," 0","999.9"," 0"," 20.4"," 4"," 29.1","999.9","  27.1"," ","  20.7"," "," 0.00","I","999.9","000000"
"01352099999","2024-02-24","60.1833333","7.4833333","1250.0","SANDHAUG, NO","  23.4"," 4","  21.2"," 4","9999.9"," 0","999.9"," 0","999.9"," 0","  9.7"," 4"," 15.5","999.9","  25.5"," ","  21.4"," "," 0.00","I","999.9","000000"
"01352099999","2024-02-25","60.1833333","7.4833333","1250.0","SANDHAUG, NO","  19.7"," 5","  17.0"," 5","9999.9"," 0","999.9"," 0","999.9"," 0","  4.8"," 5","  7.8"," 11.1","  21.6"," ","  17.1"," "," 0.00","I","999.9","000000"
"01352099999","2024-02-26","60.1833333","7.4833333","1250.0","SANDHAUG, NO","   6.4"," 4","   2.3"," 4","9999.9"," 0","999.9"," 0","999.9"," 0","  1.5"," 4","  3.9","999.9","  15.6"," ","  -7.6"," "," 0.00","I","999.9","000000"
"01352099999","2024-02-27","60.1833333","7.4833333","1250.0","SANDHAUG, NO","  15.7"," 4","  13.3"," 4","9999.9"," 0","999.9"," 0","999.9"," 0","  8.7"," 4"," 17.5","999.9","  23.4"," ","  -9.4"," "," 0.00","I","999.9","000000"
"01352099999","2024-02-29","60.1833333","7.4833333","1250.0","SANDHAUG, NO","  27.3"," 4","  25.7"," 4","9999.9"," 0","999.9"," 0","999.9"," 0"," 18.9"," 4"," 25.3","999.9","  29.5"," ","  25.2"," "," 0.00","I","999.9","000000"
"01352099999","2024-03-02","60.1833333","7.4833333","1250.0","SANDHAUG, NO","  27.1"," 4","  25.7"," 4","9999.9"," 0","999.9"," 0","999.9"," 0"," 15.5"," 4"," 19.4","999.9","  29.3"," ","  22.1"," "," 0.00","I","999.9","000000"
"01352099999","2024-03-03","60.1833333","7.4833333","1250.0","SANDHAUG, NO","  28.9"," 4","  28.0"," 4","9999.9"," 0","999.9"," 0","999.9"," 0"," 15.5"," 4"," 21.4","999.9","  30.7"," ","  27.5"," "," 0.00","I","999.9","000000"
"01352099999","2024-03-04","60.1833333","7.4833333","1250.0","SANDHAUG, NO","  26.1"," 4","  24.4"," 4","9999.9"," 0","999.9"," 0","999.9"," 0"," 17.0"," 4"," 19.4","999.9","  28.4"," ","  23.5"," "," 0.00","I","999.9","000000"
"01352099999","2024-03-05","60.1833333","7.4833333","1250.0","SANDHAUG, NO","  18.6"," 4","  16.2"," 4","9999.9"," 0","999.9"," 0","999.9"," 0"," 14.1"," 4"," 15.5","999.9","  20.7"," ","  15.8"," "," 0.00","I","999.9","000000"
"01352099999","2024-03-06","60.1833333","7.4833333","1250.0","SANDHAUG, NO","  15.7"," 4","  13.5"," 4","9999.9"," 0","999.9"," 0","999.9"," 0","  3.4"," 4","  5.8","999.9","  20.1"," ","  11.5"," "," 0.00","I","999.9","000000"
"01352099999","2024-03-07","60.1833333","7.4833333","1250.0","SANDHAUG, NO","  21.7"," 6","  19.7"," 6","9999.9"," 0","999.9"," 0","999.9"," 0","  1.2"," 6","  1.9","999.9","  26.4"," ","  19.0"," "," 0.01","G"," 74.4","000000"
"01352099999","2024-03-08","60.1833333","7.4833333","1250.0","SANDHAUG, NO","  12.5"," 4","   9.9"," 4","9999.9"," 0","999.9"," 0","999.9"," 0","  2.9"," 4","  5.8","999.9","  21.4"," ","  -6.7"," "," 0.00","G","999.9","000000"
"01352099999","2024-03-09","60.1833333","7.4833333","1250.0","SANDHAUG, NO","  18.8"," 4","  16.9"," 4","9999.9"," 0","999.9"," 0","999.9"," 0"," 10.2"," 4"," 13.6","999.9","  21.6"," ","   7.3"," "," 0.00","I","999.9","000000"
"01352099999","2024-03-10","60.1833333","7.4833333","1250.0","SANDHAUG, NO","  11.5"," 4","   8.6"," 4","9999.9"," 0","999.9"," 0","999.9"," 0"," 12.1"," 4"," 13.6","999.9","  14.2"," ","   8.4"," "," 0.00","I","999.9","000000"
"01352099999","2024-03-11","60.1833333","7.4833333","1250.0","SANDHAUG, NO","  11.5"," 4","   8.6"," 4","9999.9"," 0","999.9"," 0","999.9"," 0","  1.9"," 4","  3.9","999.9","  17.8"," ","   7.5"," "," 0.00","I","999.9","000000"
"01352099999","2024-03-14","60.1833333","7.4833333","1250.0","SANDHAUG, NO","  28.5"," 5","  26.1"," 5","9999.9"," 0","999.9"," 0","999.9"," 0"," 17.1"," 5"," 23.3"," 27.6","  31.6"," ","  24.3"," "," 0.00","I","999.9","000000"
"01352099999","2024-03-15","60.1833333","7.4833333","1250.0","SANDHAUG, NO","  29.5"," 4","  28.2"," 4","9999.9"," 0","999.9"," 0","999.9"," 0","  9.2"," 4"," 11.7","999.9","  32.9"," ","  25.9"," "," 0.00","I","999.9","000000"
"01352099999","2024-03-16","60.1833333","7.4833333","1250.0","SANDHAUG, NO","  13.8"," 4","  10.1"," 4","9999.9"," 0","999.9"," 0","999.9"," 0"," 10.2"," 4"," 17.5","999.9","  25.7"," ","  -7.1"," "," 0.00","I","999.9","000000"
"01352099999","2024-03-17","60.1833333","7.4833333","1250.0","SANDHAUG, NO","   6.8"," 4","   1.6"," 4","9999.9"," 0","999.9"," 0","999.9"," 0"," 10.7"," 4"," 17.5","999.9","  17.8"," "," -17.5"," "," 0.00","I","999.9","000000"
"01352099999","2024-03-18","60.1833333","7.4833333","1250.0","SANDHAUG, NO","  18.0"," 4","  14.7"," 4","9999.9"," 0","999.9"," 0","999.9"," 0"," 15.1"," 4"," 19.4","999.9","  19.9"," ","  14.2"," "," 0.00","I","999.9","000000"
"01352099999","2024-03-19","60.1833333","7.4833333","1250.0","SANDHAUG, NO","  20.9"," 4","  18.6"," 4","9999.9"," 0","999.9"," 0","999.9"," 0"," 16.5"," 4"," 25.3","999.9","  23.4"," ","  17.2"," "," 0.00","I","999.9","000000"
"01352099999","2024-03-20","60.1833333","7.4833333","1250.0","SANDHAUG, NO","  24.9"," 4","  22.5"," 4","9999.9"," 0","999.9"," 0","999.9"," 0"," 10.2"," 4"," 11.7","999.9","  28.4"," ","  19.6"," "," 0.00","I","999.9","000000"
"01352099999","2024-03-21","60.1833333","7.4833333","1250.0","SANDHAUG, NO","  22.1"," 4","  20.0"," 4","9999.9"," 0","999.9"," 0","999.9"," 0"," 11.7"," 4"," 23.3","999.9","  28.0"," ","  12.2"," "," 0.00","I","999.9","000000"
"01352099999","2024-03-22","60.1833333","7.4833333","1250.0","SANDHAUG, NO","  25.0"," 4","  22.7"," 4","9999.9"," 0","999.9"," 0","999.9"," 0"," 19.4"," 4"," 29.1","999.9","  28.0"," ","  21.0"," "," 0.00","I","999.9","000000"
"01352099999","2024-03-23","60.1833333","7.4833333","1250.0","SANDHAUG, NO","  26.2"," 4","  23.9"," 4","9999.9"," 0","999.9"," 0","999.9"," 0"," 14.1"," 4"," 17.5","999.9","  28.9"," ","  24.4"," "," 0.00","I","999.9","000000"
"01352099999","2024-03-24","60.1833333","7.4833333","1250.0","SANDHAUG, NO","  24.3"," 5","  21.6"," 5","9999.9"," 0","999.9"," 0","999.9"," 0","  3.9"," 4","  5.8","999.9","  30.0"," ","  21.4"," "," 0.00","I","999.9","000000"
"01352099999","2024-03-25","60.1833333","7.4833333","1250.0","SANDHAUG, NO","  20.2"," 4","  17.4"," 4","9999.9"," 0","999.9"," 0","999.9"," 0","  5.3"," 4","  7.8","999.9","  24.8"," ","  17.2"," "," 0.00","I","999.9","000000"
"01352099999","2024-03-27","60.1833333","7.4833333","1250.0","SANDHAUG, NO","  26.3"," 5","  24.1"," 5","9999.9"," 0","999.9"," 0","999.9"," 0"," 15.6"," 5"," 17.5"," 22.5","  28.2"," ","  22.6"," "," 0.00","I","999.9","000000"
"01352099999","2024-04-03","60.1833333","7.4833333","1250.0","SANDHAUG, NO","  11.8"," 5","   8.7"," 5","9999.9"," 0","999.9"," 0","999.9"," 0","  6.2"," 5"," 11.7","999.9","  22.8"," ","  -4.2"," "," 0.00","I","999.9","000000"
"01352099999","2024-04-04","60.1833333","7.4833333","1250.0","SANDHAUG, NO","  11.1"," 4","   7.2"," 4","9999.9"," 0","999.9"," 0","999.9"," 0"," 16.0"," 4"," 19.4","999.9","  12.7"," ","   9.0"," "," 0.00","I","999.9","000000"
"01352099999","2024-04-05","60.1833333","7.4833333","1250.0","SANDHAUG, NO","  14.4"," 4","  11.5"," 4","9999.9"," 0","999.9"," 0","999.9"," 0","  4.9"," 4","  7.8","999.9","  19.4"," ","   5.9"," "," 0.00","I","999.9","000000"
"01352099999","2024-04-06","60.1833333","7.4833333","1250.0","SANDHAUG, NO","  28.5"," 4","  26.4"," 4","9999.9"," 0","999.9"," 0","999.9"," 0"," 10.2"," 4"," 15.5","999.9","  32.4"," ","  21.9"," "," 0.00","I","999.9","000000"
"01352099999","2024-04-07","60.1833333","7.4833333","1250.0","SANDHAUG, NO","  32.3"," 4","  30.6"," 4","9999.9"," 0","999.9"," 0","999.9"," 0"," 17.0"," 4"," 23.3","999.9","  34.2"," ","  30.7"," "," 0.00","I","999.9","000000"
"01352099999","2024-04-08","60.1833333","7.4833333","1250.0","SANDHAUG, NO","  32.2"," 4","  28.5"," 4","9999.9"," 0","999.9"," 0","999.9"," 0"," 15.5"," 4"," 25.3","999.9","  33.4"," ","  30.9"," "," 0.00","I","999.9","000000"
"01352099999","2024-04-09","60.1833333","7.4833333","1250.0","SANDHAUG, NO","  33.1"," 6","  32.1"," 6","9999.9"," 0","999.9"," 0","999.9"," 0"," 11.7"," 6"," 17.5","999.9","  34.5"," ","  32.0"," "," 0.00","I","999.9","000000"
"01352099999","2024-04-10","60.1833333","7.4833333","1250.0","SANDHAUG, NO","  26.4","11","  23.4","11","9999.9"," 0","999.9"," 0","999.9"," 0"," 21.4","11"," 33.8"," 40.8","  30.6"," ","  23.7"," "," 0.00","I"," 80.3","000000"
"01352099999","2024-04-11","60.1833333","7.4833333","1250.0","SANDHAUG, NO","  31.8"," 4","  29.2"," 4","9999.9"," 0","999.9"," 0","999.9"," 0"," 25.3"," 4"," 29.1","999.9","  36.0"," ","  26.4"," "," 0.00","I","999.9","000000"
"01352099999","2024-04-12","60.1833333","7.4833333","1250.0","SANDHAUG, NO","  34.2"," 6","  30.7"," 6","9999.9"," 0","999.9"," 0","999.9"," 0"," 12.6"," 6"," 19.4"," 24.3","  37.6"," ","  29.8"," "," 0.00","I"," 76.4","000000"
"01352099999","2024-04-13","60.1833333","7.4833333","1250.0","SANDHAUG, NO","  32.4"," 5","  29.6"," 5","9999.9"," 0","999.9"," 0","999.9"," 0"," 17.9"," 5"," 21.4"," 25.6","  34.0"," ","  30.0"," "," 0.00","I","999.9","000000"
"01352099999","2024-04-14","60.1833333","7.4833333","1250.0","SANDHAUG, NO","  25.1"," 6","  22.3"," 6","9999.9"," 0","999.9"," 0","999.9"," 0"," 21.1"," 6"," 28.4"," 38.1","  32.0"," ","  20.1"," "," 0.04","G","999.9","000000"
"01352099999","2024-04-15","60.1833333","7.4833333","1250.0","SANDHAUG, NO","  24.0"," 9","  18.3"," 9","9999.9"," 0","999.9"," 0","999.9"," 0","  7.9"," 9"," 12.6"," 15.0","  29.3"," ","  17.2"," "," 0.00","G"," 75.6","000000"
"01352099999","2024-04-16","60.1833333","7.4833333","1250.0","SANDHAUG, NO","  18.9"," 4","  13.6"," 4","9999.9"," 0","999.9"," 0","999.9"," 0","  4.4"," 4","  9.7","999.9","  30.0"," ","   4.6"," "," 0.00","I","999.9","000000"
"01352099999","2024-04-17","60.1833333","7.4833333","1250.0","SANDHAUG, NO","  13.9"," 6","   9.1"," 6","9999.9"," 0","999.9"," 0","999.9"," 0","  3.4"," 6"," 13.6","999.9","  27.1"," ","   5.2"," "," 0.00","I","999.9","000000"
"01352099999","2024-04-18","60.1833333","7.4833333","1250.0","SANDHAUG, NO","  10.6"," 8","   5.8"," 8","9999.9"," 0","999.9"," 0","999.9"," 0","  4.6"," 8"," 13.6","999.9","  27.3"," ","   0.5"," "," 0.00","I","999.9","000000"
"01352099999","2024-04-19","60.1833333","7.4833333","1250.0","SANDHAUG, NO","  21.0"," 4","  16.9"," 4","9999.9"," 0","999.9"," 0","999.9"," 0","  9.7"," 4"," 15.5","999.9","  26.2"," ","  12.4"," "," 0.00","I","999.9","000000"
"01352099999","2024-04-20","60.1833333","7.4833333","1250.0","SANDHAUG, NO","  23.4"," 4","  17.3"," 4","9999.9"," 0","999.9"," 0","999.9"," 0"," 12.1"," 4"," 17.5","999.9","  26.6"," ","  18.0"," "," 0.00","I","999.9","000000"
"01352099999","2024-04-21","60.1833333","7.4833333","1250.0","SANDHAUG, NO","  12.5"," 4","   7.2"," 4","9999.9"," 0","999.9"," 0","999.9"," 0","  2.9"," 4","  3.9","999.9","  28.2"," ","  -0.6"," "," 0.00","I","999.9","000000"
"01352099999","2024-04-22","60.1833333","7.4833333","1250.0","SANDHAUG, NO","  15.3"," 4","   8.3"," 4","9999.9"," 0","999.9"," 0","999.9"," 0","  6.3"," 4"," 11.7","999.9","  28.6"," ","  -2.7"," "," 0.00","I","999.9","000000"
"01352099999","2024-04-23","60.1833333","7.4833333","1250.0","SANDHAUG, NO","  24.4"," 7","  18.4"," 7","9999.9"," 0","999.9"," 0","999.9"," 0"," 10.1"," 7"," 13.6"," 15.7","  29.1"," ","  22.1"," "," 0.00","I","999.9","000000"
"01352099999","2024-04-24","60.1833333","7.4833333","1250.0","SANDHAUG, NO","  22.5"," 6","  17.5"," 6","9999.9"," 0","999.9"," 0","999.9"," 0","  6.8"," 6","  9.1"," 11.8","  33.8"," ","  17.8"," "," 0.00","I","999.9","000000"
"01352099999","2024-04-25","60.1833333","7.4833333","1250.0","SANDHAUG, NO","  23.4"," 5","  19.8"," 5","9999.9"," 0","999.9"," 0","999.9"," 0","  3.0"," 5","  7.8","999.9","  38.3"," ","  15.8"," "," 0.00","I","999.9","000000"
"01352099999","2024-04-26","60.1833333","7.4833333","1250.0","SANDHAUG, NO","  22.2"," 5","  18.0"," 5","9999.9"," 0","999.9"," 0","999.9"," 0","  4.0"," 5","  8.5"," 10.5","  29.1"," ","  10.9"," "," 0.00","I","999.9","000000"
"01352099999","2024-04-27","60.1833333","7.4833333","1250.0","SANDHAUG, NO","  20.4"," 4","  16.1"," 4","9999.9"," 0","999.9"," 0","999.9"," 0","  1.0"," 4","  1.9","999.9","  31.5"," ","   2.5"," "," 0.00","I","999.9","000000"
"01352099999","2024-04-28","60.1833333","7.4833333","1250.0","SANDHAUG, NO","  28.4"," 4","  26.5"," 4","9999.9"," 0","999.9"," 0","999.9"," 0"," 13.6"," 4"," 19.4","999.9","  32.2"," ","  19.0"," "," 0.00","I","999.9","000000"
"01352099999","2024-04-29","60.1833333","7.4833333","1250.0","SANDHAUG, NO","  31.8"," 5","  27.6"," 5","9999.9"," 0","999.9"," 0","999.9"," 0"," 16.5"," 5"," 17.5"," 22.7","  35.1"," ","  28.2"," "," 0.00","I","999.9","000000"
"01352099999","2024-04-30","60.1833333","7.4833333","1250.0","SANDHAUG, NO","  31.4"," 5","  28.6"," 5","9999.9"," 0","999.9"," 0","999.9"," 0"," 11.9"," 5"," 16.9"," 19.4","  37.2"," ","  23.4"," "," 0.00","I","999.9","000000"
"01352099999","2024-05-02","60.1833333","7.4833333","1250.0","SANDHAUG, NO","  37.8"," 7","  29.0"," 7","9999.9"," 0","999.9"," 0","999.9"," 0","  5.4"," 7","  8.0"," 10.7","  45.3"," ","  29.3"," "," 0.00","I","999.9","000000"
"01352099999","2024-05-03","60.1833333","7.4833333","1250.0","SANDHAUG, NO","  38.4"," 7","  27.0"," 7","9999.9"," 0","999.9"," 0","999.9"," 0","  3.0"," 7","  5.8","999.9","  46.8"," ","  29.1"," "," 0.00","I","999.9","000000"
"01352099999","2024-05-04","60.1833333","7.4833333","1250.0","SANDHAUG, NO","  38.2"," 9","  27.5"," 9","9999.9"," 0","999.9"," 0","999.9"," 0","  0.9"," 9","  1.9","999.9","  48.6"," ","  21.0"," "," 0.00","I","999.9","000000"
"01352099999","2024-05-05","60.1833333","7.4833333","1250.0","SANDHAUG, NO","  36.4"," 4","  32.4"," 4","9999.9"," 0","999.9"," 0","999.9"," 0","  1.0"," 4","  1.9","999.9","  41.9"," ","  27.3"," "," 0.00","I","999.9","000000"
"01352099999","2024-05-06","60.1833333","7.4833333","1250.0","SANDHAUG, NO","  35.6"," 4","  34.5"," 4","9999.9"," 0","999.9"," 0","999.9"," 0","  3.9"," 4","  7.8","999.9","  41.0"," ","  32.0"," "," 0.00","I","999.9","000000"
"01352099999","2024-05-07","60.1833333","7.4833333","1250.0","SANDHAUG, NO","  37.9"," 6","  34.2"," 6","9999.9"," 0","999.9"," 0","999.9"," 0","  3.5"," 6","  6.6","999.9","  43.3"," ","  32.9"," "," 0.00","I"," 68.5","000000"
"01352099999","2024-05-09","60.1833333","7.4833333","1250.0","SANDHAUG, NO","  34.9"," 6","  33.0"," 6","9999.9"," 0","999.9"," 0","999.9"," 0"," 10.7"," 6"," 19.4","999.9","  36.9"," ","  32.0"," "," 0.00","I","999.9","000000"
"01352099999","2024-05-10","60.1833333","7.4833333","1250.0","SANDHAUG, NO","  36.0"," 9","  26.3"," 9","9999.9"," 0","999.9"," 0","999.9"," 0","  4.3"," 9","  7.8"," 12.0","  46.9"," ","  28.6"," "," 0.00","I"," 64.6","000000"
"01352099999","2024-05-11","60.1833333","7.4833333","1250.0","SANDHAUG, NO","  40.1"," 8","  34.4"," 8","9999.9"," 0","999.9"," 0","999.9"," 0","  1.9"," 8","  4.7","999.9","  49.1"," ","  31.3"," "," 0.00","I"," 62.6","000000"
"01352099999","2024-05-12","60.1833333","7.4833333","1250.0","SANDHAUG, NO","  38.7","10","  31.4","10","9999.9"," 0","999.9"," 0","999.9"," 0","  1.7","10","  3.9","999.9","  50.2"," ","  24.3"," "," 0.00","I"," 61.4","000000"
"01352099999","2024-05-13","60.1833333","7.4833333","1250.0","SANDHAUG, NO","  37.6"," 5","  32.3"," 5","9999.9"," 0","999.9"," 0","999.9"," 0","  9.3"," 5"," 13.6","999.9","  42.6"," ","  33.4"," "," 0.00","I","999.9","000000"
"01352099999","2024-05-14","60.1833333","7.4833333","1250.0","SANDHAUG, NO","  39.4"," 9","  29.1"," 9","9999.9"," 0","999.9"," 0","999.9"," 0","  7.0"," 9"," 13.6","999.9","  45.9"," ","  33.1"," "," 0.00","I","999.9","000000"
"01352099999","2024-05-15","60.1833333","7.4833333","1250.0","SANDHAUG, NO","  40.7","19","  31.3","19","9999.9"," 0","999.9"," 0","999.9"," 0","  4.5","19"," 10.1"," 11.5","  52.3"," ","  31.6"," "," 0.00","I"," 57.1","000000"
"01352099999","2024-05-16","60.1833333","7.4833333","1250.0","SANDHAUG, NO","  38.3","15","  30.7","15","9999.9"," 0","999.9"," 0","999.9"," 0","  4.4","15"," 17.3"," 20.0","  49.1"," ","  27.3"," "," 0.00","I","999.9","000000"
"01352099999","2024-05-17","60.1833333","7.4833333","1250.0","SANDHAUG, NO","  39.5","19","  32.0","19","9999.9"," 0","999.9"," 0","999.9"," 0","  3.8","19"," 12.4"," 13.6","  49.8"," ","  27.5"," "," 0.00","I"," 53.1","000000"
"01352099999","2024-05-18","60.1833333","7.4833333","1250.0","SANDHAUG, NO","  41.4","21","  29.5","21","9999.9"," 0","999.9"," 0","999.9"," 0","  1.5","21","  4.7","999.9","  55.8"," ","  28.0"," "," 0.00","I"," 51.2","000000"
"01352099999","2024-05-19","60.1833333","7.4833333","1250.0","SANDHAUG, NO","  41.2","11","  33.4","11","9999.9"," 0","999.9"," 0","999.9"," 0","  6.7","11"," 10.7"," 13.8","  48.4"," ","  34.0"," "," 0.00","I"," 50.0","000000"
"01352099999","2024-05-20","60.1833333","7.4833333","1250.0","SANDHAUG, NO","  40.3","13","  31.5","13","9999.9"," 0","999.9"," 0","999.9"," 0","  2.5","13","  6.2"," 12.6","  51.8"," ","  26.4"," "," 4.96","G"," 48.8","000000"
"01352099999","2024-05-21","60.1833333","7.4833333","1250.0","SANDHAUG, NO","  43.0","13","  34.8","13","9999.9"," 0","999.9"," 0","999.9"," 0","  3.1","13","  5.8","999.9","  52.9"," ","  29.5"," "," 0.00","G"," 47.2","000000"
"01352099999","2024-05-22","60.1833333","7.4833333","1250.0","SANDHAUG, NO","  43.4","15","  31.4","15","9999.9"," 0","999.9"," 0","999.9"," 0","  9.8","15"," 19.4"," 23.9","  50.0"," ","  32.5"," "," 4.69","G"," 45.7","000000"
"01352099999","2024-05-23","60.1833333","7.4833333","1250.0","SANDHAUG, NO","  42.6"," 9","  37.0"," 9","9999.9"," 0","999.9"," 0","999.9"," 0"," 10.5"," 9"," 17.5"," 22.7","  53.1"," ","  36.9"," "," 4.37","G"," 44.9","000000"
"01352099999","2024-05-24","60.1833333","7.4833333","1250.0","SANDHAUG, NO","  44.9"," 7","  41.2"," 7","9999.9"," 0","999.9"," 0","999.9"," 0","  4.9"," 7"," 13.6","999.9","  53.2"," ","  36.9"," "," 0.00","G","999.9","000000"
"01352099999","2024-05-25","60.1833333","7.4833333","1250.0","SANDHAUG, NO","  48.0"," 9","  42.2"," 9","9999.9"," 0","999.9"," 0","999.9"," 0","  5.2"," 9"," 10.1"," 13.8","  57.2"," ","  30.4"," "," 0.00","I"," 37.4","000000"
"01352099999","2024-05-26","60.1833333","7.4833333","1250.0","SANDHAUG, NO","  46.6"," 5","  43.4"," 5","9999.9"," 0","999.9"," 0","999.9"," 0","  6.9"," 5"," 11.7"," 16.9","  53.8"," ","  38.8"," "," 0.00","I","999.9","000000"
"01352099999","2024-05-27","60.1833333","7.4833333","1250.0","SANDHAUG, NO","  41.3"," 5","  40.9"," 5","9999.9"," 0","999.9"," 0","999.9"," 0","  6.1"," 5","  9.7"," 11.8","  46.4"," ","  38.7","*"," 0.00","I","999.9","000000"
"01352099999","2024-05-28","60.1833333","7.4833333","1250.0","SANDHAUG, NO","  39.1"," 4","  36.5"," 4","9999.9"," 0","999.9"," 0","999.9"," 0","  4.9"," 4","  7.8","999.9","  44.2"," ","  34.3"," "," 0.00","I","999.9","000000"
"01352099999","2024-05-29","60.1833333","7.4833333","1250.0","SANDHAUG, NO","  38.8"," 4","  33.9"," 4","9999.9"," 0","999.9"," 0","999.9"," 0","  8.3"," 4","  9.7","999.9","  42.3"," ","  34.7"," "," 0.00","I","999.9","000000"
"01352099999","2024-05-30","60.1833333","7.4833333","1250.0","SANDHAUG, NO","  40.8"," 4","  39.2"," 4","9999.9"," 0","999.9"," 0","999.9"," 0","  8.7"," 4"," 15.5","999.9","  46.4"," ","  37.4"," "," 0.00","I","999.9","000000"
"01352099999","2024-05-31","60.1833333","7.4833333","1250.0","SANDHAUG, NO","  49.5","13","  38.7","13","9999.9"," 0","999.9"," 0","999.9"," 0","  2.9","13","  4.1","999.9","  57.7"," ","  33.4"," "," 0.00","I","999.9","000000"
"01352099999","2024-06-01","60.1833333","7.4833333","1250.0","SANDHAUG, NO","  52.4","12","  40.6","12","9999.9"," 0","999.9"," 0","999.9"," 0","  5.9","12"," 12.2"," 16.1","  62.2"," ","  31.6"," "," 0.00","I","999.9","000000"
"01352099999","2024-06-02","60.1833333","7.4833333","1250.0","SANDHAUG, NO","  44.9"," 8","  35.0"," 8","9999.9"," 0","999.9"," 0","999.9"," 0","  8.3"," 8"," 11.1"," 15.9","  58.6"," ","  29.5"," "," 0.00","I","999.9","000000"
"01352099999","2024-06-04","60.1833333","7.4833333","1250.0","SANDHAUG, NO","  37.5"," 6","  33.8"," 6","9999.9"," 0","999.9"," 0","999.9"," 0"," 19.6"," 6"," 25.3"," 35.9","  41.5"," ","  32.7"," "," 0.00","I","999.9","000000"
"01352099999","2024-06-05","60.1833333","7.4833333","1250.0","SANDHAUG, NO","  33.4"," 4","  29.5"," 4","9999.9"," 0","999.9"," 0","999.9"," 0","  9.7"," 4"," 17.5","999.9","  37.0"," ","  29.8"," "," 0.00","I","999.9","000000"
"01352099999","2024-06-06","60.1833333","7.4833333","1250.0","SANDHAUG, NO","  34.2","10","  27.0","10","9999.9"," 0","999.9"," 0","999.9"," 0"," 12.0","10"," 17.5"," 22.7","  37.4"," ","  28.0"," "," 0.00","I","  4.7","000000"
"01352099999","2024-06-07","60.1833333","7.4833333","1250.0","SANDHAUG, NO","  34.0"," 6","  28.2"," 6","9999.9"," 0","999.9"," 0","999.9"," 0","  5.6"," 6","  9.5"," 15.7","  40.6"," ","  28.4"," "," 0.00","I","999.9","000000"
"01352099999","2024-06-08","60.1833333","7.4833333","1250.0","SANDHAUG, NO","  32.7"," 5","  29.1"," 5","9999.9"," 0","999.9"," 0","999.9"," 0"," 10.9"," 5"," 15.5","999.9","  37.6"," ","  30.2"," "," 0.00","I","999.9","000000"
"01352099999","2024-06-09","60.1833333","7.4833333","1250.0","SANDHAUG, NO","  31.4"," 4","  30.3"," 4","9999.9"," 0","999.9"," 0","999.9"," 0","  8.3"," 4"," 11.7","999.9","  33.3"," ","  28.8"," "," 0.00","I","999.9","000000"
"01352099999","2024-06-10","60.1833333","7.4833333","1250.0","SANDHAUG, NO","  37.0"," 6","  33.2"," 6","9999.9"," 0","999.9"," 0","999.9"," 0"," 13.8"," 6"," 17.5"," 22.3","  45.7"," ","  32.7"," "," 0.09","G","999.9","000000"
"01352099999","2024-06-11","60.1833333","7.4833333","1250.0","SANDHAUG, NO","  39.6"," 4","  29.8"," 4","9999.9"," 0","999.9"," 0","999.9"," 0","  6.3"," 4","  9.7","999.9","  47.1"," ","  30.0"," "," 0.00","G","999.9","000000"
"01352099999","2024-06-12","60.1833333","7.4833333","1250.0","SANDHAUG, NO","  38.0"," 4","  32.5"," 4","9999.9"," 0","999.9"," 0","999.9"," 0","  5.8"," 4","  7.8","999.9","  42.8"," ","  33.4"," "," 0.00","I","999.9","000000"
"01352099999","2024-06-13","60.1833333","7.4833333","1250.0","SANDHAUG, NO","  35.6"," 5","  33.8"," 5","9999.9"," 0","999.9"," 0","999.9"," 0","  4.8"," 5","  6.6"," 12.0","  37.6"," ","  33.3"," "," 0.00","I","999.9","000000"
"01352099999","2024-06-15","60.1833333","7.4833333","1250.0","SANDHAUG, NO","  40.6"," 4","  38.4"," 4","9999.9"," 0","999.9"," 0","999.9"," 0"," 17.0"," 4"," 19.4","999.9","  43.2"," ","  37.8"," "," 0.00","I","999.9","000000"
"01352099999","2024-06-16","60.1833333","7.4833333","1250.0","SANDHAUG, NO","  41.0"," 4","  38.5"," 4","9999.9"," 0","999.9"," 0","999.9"," 0"," 11.2"," 4"," 11.7","999.9","  43.5"," ","  38.8"," "," 0.00","I","999.9","000000"
"01352099999","2024-06-17","60.1833333","7.4833333","1250.0","SANDHAUG, NO","  41.0"," 5","  37.7"," 5","9999.9"," 0","999.9"," 0","999.9"," 0"," 12.2"," 5"," 17.5"," 20.0","  47.8"," ","  38.1"," "," 0.00","I","999.9","000000"
"01352099999","2024-06-18","60.1833333","7.4833333","1250.0","SANDHAUG, NO","  39.9"," 4","  35.8"," 4","9999.9"," 0","999.9"," 0","999.9"," 0","  7.3"," 4"," 13.6","999.9","  44.2"," ","  35.2"," "," 0.00","I","999.9","000000"
"01352099999","2024-06-19","60.1833333","7.4833333","1250.0","SANDHAUG, NO","  39.2"," 4","  33.6"," 4","9999.9"," 0","999.9"," 0","999.9"," 0"," 13.6"," 4"," 17.5","999.9","  43.3"," ","  36.5"," "," 0.00","I","999.9","000000"
"01352099999","2024-06-20","60.1833333","7.4833333","1250.0","SANDHAUG, NO","  38.3"," 4","  32.8"," 4","9999.9"," 0","999.9"," 0","999.9"," 0"," 16.5"," 4"," 21.4","999.9","  42.3"," ","  35.6"," "," 0.00","I","999.9","000000"
"01352099999","2024-06-21","60.1833333","7.4833333","1250.0","SANDHAUG, NO","  44.9"," 4","  34.6"," 4","9999.9"," 0","999.9"," 0","999.9"," 0","  6.3"," 4","  9.7","999.9","  55.2"," ","  34.9"," "," 0.00","I","999.9","000000"
"01352099999","2024-06-22","60.1833333","7.4833333","1250.0","SANDHAUG, NO","  44.2"," 4","  41.8"," 4","9999.9"," 0","999.9"," 0","999.9"," 0","  6.8"," 4"," 11.7","999.9","  47.7"," ","  40.5"," "," 0.00","I","999.9","000000"
"01352099999","2024-06-23","60.1833333","7.4833333","1250.0","SANDHAUG, NO","  44.8"," 4","  40.1"," 4","9999.9"," 0","999.9"," 0","999.9"," 0"," 10.2"," 4"," 15.5","999.9","  50.2"," ","  41.0"," "," 0.00","I","999.9","000000"
"01352099999","2024-06-24","60.1833333","7.4833333","1250.0","SANDHAUG, NO","  57.0","13","  37.9","13","9999.9"," 0","999.9"," 0","999.9"," 0","  5.4","13","  8.9"," 11.7","  63.7"," ","  36.0"," "," 0.00","I","999.9","000000"
"01352099999","2024-06-25","60.1833333","7.4833333","1250.0","SANDHAUG, NO","  53.0"," 8","  43.6"," 8","9999.9"," 0","999.9"," 0","999.9"," 0","  6.0"," 8","  9.3"," 12.2","  60.1"," ","  42.3"," "," 0.00","I","999.9","000000"
"01352099999","2024-06-27","60.1833333","7.4833333","1250.0","SANDHAUG, NO","  57.2"," 4","  49.1"," 4","9999.9"," 0","999.9"," 0","999.9"," 0"," 15.1"," 4"," 19.4","999.9","  62.2"," ","  54.1"," "," 0.00","I","999.9","000000"
"01352099999","2024-06-28","60.1833333","7.4833333","1250.0","SANDHAUG, NO","  48.4"," 4","  40.3"," 4","9999.9"," 0","999.9"," 0","999.9"," 0"," 16.5"," 4"," 21.4","999.9","  52.9"," ","  40.3"," "," 0.00","I","999.9","000000"
"01352099999","2024-06-29","60.1833333","7.4833333","1250.0","SANDHAUG, NO","  39.1"," 4","  33.8"," 4","9999.9"," 0","999.9"," 0","999.9"," 0"," 14.6"," 4"," 19.4","999.9","  42.1"," ","  37.2"," "," 0.00","I","999.9","000000"
"01352099999","2024-06-30","60.1833333","7.4833333","1250.0","SANDHAUG, NO","  41.5"," 4","  35.0"," 4","9999.9"," 0","999.9"," 0","999.9"," 0","  7.3"," 4","  9.7","999.9","  47.3"," ","  36.0"," "," 0.00","I","999.9","000000"
"01352099999","2024-07-01","60.1833333","7.4833333","1250.0","SANDHAUG, NO","  41.5"," 4","  38.6"," 4","9999.9"," 0","999.9"," 0","999.9"," 0"," 15.1"," 4"," 19.4","999.9","  44.6"," ","  39.6"," "," 0.00","I","999.9","000000"
"01352099999","2024-07-02","60.1833333","7.4833333","1250.0","SANDHAUG, NO","  41.6"," 4","  38.3"," 4","9999.9"," 0","999.9"," 0","999.9"," 0"," 16.0"," 4"," 21.4","999.9","  44.8"," ","  39.2"," "," 0.00","I","999.9","000000"
"01352099999","2024-07-03","60.1833333","7.4833333","1250.0","SANDHAUG, NO","  42.5"," 4","  30.7"," 4","9999.9"," 0","999.9"," 0","999.9"," 0","  7.3"," 4","  9.7","999.9","  50.7"," ","  34.9"," "," 0.00","I","999.9","000000"
"01352099999","2024-07-04","60.1833333","7.4833333","1250.0","SANDHAUG, NO","  39.0"," 4","  36.5"," 4","9999.9"," 0","999.9"," 0","999.9"," 0"," 11.2"," 4"," 15.5","999.9","  44.1"," ","  35.8"," "," 0.00","I","999.9","000000"
"01352099999","2024-07-05","60.1833333","7.4833333","1250.0","SANDHAUG, NO","  38.5"," 4","  32.1"," 4","9999.9"," 0","999.9"," 0","999.9"," 0","  8.3"," 4"," 11.7","999.9","  45.7"," ","  34.0"," "," 0.00","I","999.9","000000"
"01352099999","2024-07-06","60.1833333","7.4833333","1250.0","SANDHAUG, NO","  44.0"," 4","  36.4"," 4","9999.9"," 0","999.9"," 0","999.9"," 0","  8.3"," 4"," 11.7","999.9","  49.3"," ","  39.2"," "," 0.00","I","999.9","000000"
"01352099999","2024-07-07","60.1833333","7.4833333","1250.0","SANDHAUG, NO","  41.5"," 4","  38.9"," 4","9999.9"," 0","999.9"," 0","999.9"," 0"," 13.6"," 4"," 21.4","999.9","  43.0"," ","  40.3"," "," 0.00","I","999.9","000000"
"01352099999","2024-07-08","60.1833333","7.4833333","1250.0","SANDHAUG, NO","  41.6"," 4","  36.7"," 4","9999.9"," 0","999.9"," 0","999.9"," 0","  9.2"," 4"," 13.6","999.9","  46.4"," ","  39.4"," "," 0.00","I","999.9","000000"
"01352099999","2024-07-09","60.1833333","7.4833333","1250.0","SANDHAUG, NO","  44.9"," 5","  34.3"," 5","9999.9"," 0","999.9"," 0","999.9"," 0","  5.2"," 5","  7.8","999.9","  55.0"," ","  39.2"," "," 0.00","I","999.9","000000"
"01352099999","2024-07-10","60.1833333","7.4833333","1250.0","SANDHAUG, NO","  44.5"," 4","  42.6"," 4","9999.9"," 0","999.9"," 0","999.9"," 0"," 10.2"," 4"," 15.5","999.9","  46.8"," ","  41.9"," "," 0.00","I","999.9","000000"
"01352099999","2024-07-11","60.1833333","7.4833333","1250.0","SANDHAUG, NO","  49.5"," 4","  45.6"," 4","9999.9"," 0","999.9"," 0","999.9"," 0","  4.4"," 4","  5.8","999.9","  52.2"," ","  46.4"," "," 0.00","I","999.9","000000"
"01352099999","2024-07-12","60.1833333","7.4833333","1250.0","SANDHAUG, NO","  52.0"," 4","  42.3"," 4","9999.9"," 0","999.9"," 0","999.9"," 0","  7.3"," 4"," 11.7","999.9","  59.0"," ","  47.1"," "," 0.00","I","999.9","000000"
"01352099999","2024-07-14","60.1833333","7.4833333","1250.0","SANDHAUG, NO","  49.1"," 4","  46.8"," 4","9999.9"," 0","999.9"," 0","999.9"," 0","  7.3"," 4","  7.8","999.9","  50.5"," ","  48.2"," "," 0.00","I","999.9","000000"
"01352099999","2024-07-15","60.1833333","7.4833333","1250.0","SANDHAUG, NO","  49.2"," 4","  45.0"," 4","9999.9"," 0","999.9"," 0","999.9"," 0","  5.8"," 4","  7.8","999.9","  51.8"," ","  47.1"," "," 0.00","I","999.9","000000"
"01352099999","2024-07-16","60.1833333","7.4833333","1250.0","SANDHAUG, NO","  48.3"," 4","  45.1"," 4","9999.9"," 0","999.9"," 0","999.9"," 0","  8.3"," 4"," 11.7","999.9","  53.1"," ","  45.3"," "," 0.00","I","999.9","000000"
"01352099999","2024-07-17","60.1833333","7.4833333","1250.0","SANDHAUG, NO","  48.8"," 4","  45.6"," 4","9999.9"," 0","999.9"," 0","999.9"," 0"," 12.1"," 4"," 19.4","999.9","  51.6"," ","  46.4"," "," 0.00","I","999.9","000000"
"01352099999","2024-07-18","60.1833333","7.4833333","1250.0","SANDHAUG, NO","  46.7"," 4","  41.9"," 4","9999.9"," 0","999.9"," 0","999.9"," 0"," 14.1"," 4"," 17.5","999.9","  51.1"," ","  43.2"," "," 0.00","I","999.9","000000"
"01352099999","2024-07-19","60.1833333","7.4833333","1250.0","SANDHAUG, NO","  52.5"," 4","  44.2"," 4","9999.9"," 0","999.9"," 0","999.9"," 0","  3.4"," 4","  7.8","999.9","  59.9"," ","  41.9"," "," 0.00","I","999.9","000000"
"01352099999","2024-07-21","60.1833333","7.4833333","1250.0","SANDHAUG, NO","  54.6"," 4","  47.3"," 4","9999.9"," 0","999.9"," 0","999.9"," 0"," 15.1"," 4"," 25.3","999.9","  60.4"," ","  49.3"," "," 0.00","I","999.9","000000"
"01352099999","2024-07-22","60.1833333","7.4833333","1250.0","SANDHAUG, NO","  50.0"," 4","  45.8"," 4","9999.9"," 0","999.9"," 0","999.9"," 0","  5.3"," 4","  7.8","999.9","  54.9"," ","  44.1"," "," 0.00","I","999.9","000000"
"01352099999","2024-07-24","60.1833333","7.4833333","1250.0","SANDHAUG, NO","  47.8"," 4","  40.6"," 4","9999.9"," 0","999.9"," 0","999.9"," 0","  5.8"," 4","  7.8","999.9","  52.0"," ","  43.0"," "," 0.00","I","999.9","000000"
"01352099999","2024-07-25","60.1833333","7.4833333","1250.0","SANDHAUG, NO","  49.2"," 4","  42.5"," 4","9999.9"," 0","999.9"," 0","999.9"," 0"," 10.2"," 4"," 13.6","999.9","  53.8"," ","  43.0"," "," 0.00","I","999.9","000000"
"01352099999","2024-07-26","60.1833333","7.4833333","1250.0","SANDHAUG, NO","  49.3"," 4","  44.6"," 4","9999.9"," 0","999.9"," 0","999.9"," 0"," 10.7"," 4"," 13.6","999.9","  52.7"," ","  45.5"," "," 0.00","I","999.9","000000"
"01352099999","2024-07-27","60.1833333","7.4833333","1250.0","SANDHAUG, NO","  46.1"," 4","  39.8"," 4","9999.9"," 0","999.9"," 0","999.9"," 0","  9.2"," 4"," 13.6","999.9","  51.8"," ","  39.6"," "," 0.00","I","999.9","000000"
"01352099999","2024-07-28","60.1833333","7.4833333","1250.0","SANDHAUG, NO","  44.8"," 4","  38.9"," 4","9999.9"," 0","999.9"," 0","999.9"," 0"," 12.6"," 4"," 17.5","999.9","  49.3"," ","  39.2"," "," 0.00","I","999.9","000000"
"01352099999","2024-07-29","60.1833333","7.4833333","1250.0","SANDHAUG, NO","  50.7"," 5","  39.0"," 5","9999.9"," 0","999.9"," 0","999.9"," 0","  4.6"," 5","  7.8"," 12.2","  57.6"," ","  41.5"," "," 0.00","I","999.9","000000"
"01352099999","2024-07-30","60.1833333","7.4833333","1250.0","SANDHAUG, NO","  47.1"," 4","  42.2"," 4","9999.9"," 0","999.9"," 0","999.9"," 0","  9.7"," 4"," 15.5","999.9","  50.9"," ","  42.6"," "," 0.00","I","999.9","000000"
"01352099999","2024-08-01","60.1833333","7.4833333","1250.0","SANDHAUG, NO","  48.2"," 4","  37.9"," 4","9999.9"," 0","999.9"," 0","999.9"," 0","  2.9"," 4","  5.8","999.9","  58.8"," ","  37.8"," "," 0.00","I","999.9","000000"
"01352099999","2024-08-04","60.1833333","7.4833333","1250.0","SANDHAUG, NO","  51.4"," 4","  46.3"," 4","9999.9"," 0","999.9"," 0","999.9"," 0","  6.8"," 4"," 11.7","999.9","  56.5"," ","  47.8"," "," 0.00","I","999.9","000000"
"01352099999","2024-08-05","60.1833333","7.4833333","1250.0","SANDHAUG, NO","  54.1"," 6","  44.6"," 6","9999.9"," 0","999.9"," 0","999.9"," 0"," 10.7"," 6"," 15.5"," 22.3","  57.9"," ","  47.7"," "," 0.00","I","999.9","000000"
"01352099999","2024-08-06","60.1833333","7.4833333","1250.0","SANDHAUG, NO","  51.5"," 4","  48.5"," 4","9999.9"," 0","999.9"," 0","999.9"," 0"," 12.1"," 4"," 15.5","999.9","  54.1"," ","  49.5"," "," 0.00","I","999.9","000000"
"01352099999","2024-08-07","60.1833333","7.4833333","1250.0","SANDHAUG, NO","  50.6"," 4","  47.4"," 4","9999.9"," 0","999.9"," 0","999.9"," 0"," 14.1"," 4"," 17.5","999.9","  57.0"," ","  45.0"," "," 0.00","I","999.9","000000"
"01352099999","2024-08-08","60.1833333","7.4833333","1250.0","SANDHAUG, NO","  45.1"," 4","  39.9"," 4","9999.9"," 0","999.9"," 0","999.9"," 0"," 10.7"," 4"," 15.5","999.9","  48.6"," ","  43.0"," "," 0.00","I","999.9","000000"
"01352099999","2024-08-09","60.1833333","7.4833333","1250.0","SANDHAUG, NO","  45.7"," 4","  42.2"," 4","9999.9"," 0","999.9"," 0","999.9"," 0"," 15.1"," 4"," 19.4","999.9","  50.7"," ","  42.1"," "," 0.00","I","999.9","000000"
"01352099999","2024-08-10","60.1833333","7.4833333","1250.0","SANDHAUG, NO","  42.9"," 4","  39.2"," 4","9999.9"," 0","999.9"," 0","999.9"," 0"," 18.5"," 4"," 21.4","999.9","  46.0"," ","  40.3"," "," 0.00","I","999.9","000000"
"01352099999","2024-08-13","60.1833333","7.4833333","1250.0","SANDHAUG, NO","  51.0"," 4","  40.4"," 4","9999.9"," 0","999.9"," 0","999.9"," 0"," 10.7"," 4"," 13.6","999.9","  55.8"," ","  46.2"," "," 0.00","I","999.9","000000"
"01352099999","2024-08-14","60.1833333","7.4833333","1250.0","SANDHAUG, NO","  50.7"," 4","  49.1"," 4","9999.9"," 0","999.9"," 0","999.9"," 0","  6.3"," 4","  9.7","999.9","  52.5"," ","  48.7"," "," 0.00","I","999.9","000000"
"01352099999","2024-08-15","60.1833333","7.4833333","1250.0","SANDHAUG, NO","  48.2"," 4","  44.2"," 4","9999.9"," 0","999.9"," 0","999.9"," 0"," 17.0"," 4"," 21.4","999.9","  49.6"," ","  47.1"," "," 0.00","I","999.9","000000"
"01352099999","2024-08-16","60.1833333","7.4833333","1250.0","SANDHAUG, NO","  42.7"," 4","  36.7"," 4","9999.9"," 0","999.9"," 0","999.9"," 0"," 14.6"," 4"," 17.5","999.9","  46.6"," ","  39.0"," "," 0.00","I","999.9","000000"
"01352099999","2024-08-17","60.1833333","7.4833333","1250.0","SANDHAUG, NO","  42.8"," 4","  39.2"," 4","9999.9"," 0","999.9"," 0","999.9"," 0"," 12.1"," 4"," 15.5","999.9","  44.8"," ","  39.9"," "," 0.00","I","999.9","000000"
"01352099999","2024-08-18","60.1833333","7.4833333","1250.0","SANDHAUG, NO","  41.5"," 4","  37.8"," 4","9999.9"," 0","999.9"," 0","999.9"," 0"," 11.2"," 4"," 15.5","999.9","  44.2"," ","  38.8"," "," 0.00","I","999.9","000000"
"01352099999","2024-08-19","60.1833333","7.4833333","1250.0","SANDHAUG, NO","  42.4"," 4","  36.6"," 4","9999.9"," 0","999.9"," 0","999.9"," 0","  9.7"," 4"," 13.6","999.9","  45.0"," ","  38.8"," "," 0.00","I","999.9","000000"
"01352099999","2024-08-21","60.1833333","7.4833333","1250.0","SANDHAUG, NO","  44.2"," 4","  37.5"," 4","9999.9"," 0","999.9"," 0","999.9"," 0","  7.3"," 4","  9.7","999.9","  50.2"," ","  40.5"," "," 0.00","I","999.9","000000"
"01352099999","2024-08-22","60.1833333","7.4833333","1250.0","SANDHAUG, NO","  44.5"," 4","  42.6"," 4","9999.9"," 0","999.9"," 0","999.9"," 0"," 14.6"," 4"," 17.5","999.9","  49.3"," ","  40.1"," "," 0.00","I","999.9","000000"
"01352099999","2024-08-23","60.1833333","7.4833333","1250.0","SANDHAUG, NO","  41.6"," 4","  37.4"," 4","9999.9"," 0","999.9"," 0","999.9"," 0"," 12.1"," 4"," 21.4","999.9","  45.1"," ","  39.0"," "," 0.00","I","999.9","000000"
"01352099999","2024-08-24","60.1833333","7.4833333","1250.0","SANDHAUG, NO","  41.5"," 4","  38.3"," 4","9999.9"," 0","999.9"," 0","999.9"," 0"," 13.6"," 4"," 19.4","999.9","  43.7"," ","  37.8"," "," 0.00","I","999.9","000000"
"01352099999","2024-08-25","60.1833333","7.4833333","1250.0","SANDHAUG, NO","  40.1"," 4","  35.9"," 4","9999.9"," 0","999.9"," 0","999.9"," 0"," 15.1"," 4"," 17.5","999.9","  41.7"," ","  37.8"," "," 0.00","I","999.9","000000"
"01352099999","2024-08-26","60.1833333","7.4833333","1250.0","SANDHAUG, NO","  40.7"," 4","  37.5"," 4","9999.9"," 0","999.9"," 0","999.9"," 0"," 15.5"," 4"," 19.4","999.9","  44.2"," ","  37.8"," "," 0.00","I","999.9","000000"
"01352099999","2024-08-27","60.1833333","7.4833333","1250.0","SANDHAUG, NO","  42.4"," 4","  39.3"," 4","9999.9"," 0","999.9"," 0","999.9"," 0"," 11.2"," 4"," 27.2","999.9","  46.8"," ","  35.4"," "," 0.00","I","999.9","000000"
"01352099999","2024-08-28","60.1833333","7.4833333","1250.0","SANDHAUG, NO","  49.3"," 4","  45.2"," 4","9999.9"," 0","999.9"," 0","999.9"," 0"," 13.6"," 4"," 19.4","999.9","  54.9"," ","  45.9"," "," 0.00","I","999.9","000000"
"01352099999","2024-08-29","60.1833333","7.4833333","1250.0","SANDHAUG, NO","  48.9"," 4","  45.9"," 4","9999.9"," 0","999.9"," 0","999.9"," 0"," 13.6"," 4"," 19.4","999.9","  52.7"," ","  42.1"," "," 0.00","I","999.9","000000"
"01352099999","2024-08-30","60.1833333","7.4833333","1250.0","SANDHAUG, NO","  41.5"," 4","  36.9"," 4","9999.9"," 0","999.9"," 0","999.9"," 0"," 11.7"," 4"," 13.6","999.9","  44.2"," ","  39.9"," "," 0.00","I","999.9","000000"
"01352099999","2024-08-31","60.1833333","7.4833333","1250.0","SANDHAUG, NO","  43.7"," 6","  36.5"," 6","9999.9"," 0","999.9"," 0","999.9"," 0","  6.4"," 6"," 11.7"," 17.1","  51.6"," ","  36.7"," "," 0.00","I","999.9","000000"
"01352099999","2024-09-01","60.1833333","7.4833333","1250.0","SANDHAUG, NO","  49.5"," 4","  39.4"," 4","9999.9"," 0","999.9"," 0","999.9"," 0","  2.9"," 4","  3.9","999.9","  60.3"," ","  37.0"," "," 0.00","I","999.9","000000"
"01352099999","2024-09-02","60.1833333","7.4833333","1250.0","SANDHAUG, NO","  49.2"," 4","  41.6"," 4","9999.9"," 0","999.9"," 0","999.9"," 0","  7.3"," 4"," 11.7","999.9","  54.7"," ","  41.0"," "," 0.00","I","999.9","000000"
"01352099999","2024-09-03","60.1833333","7.4833333","1250.0","SANDHAUG, NO","  48.5"," 4","  47.3"," 4","9999.9"," 0","999.9"," 0","999.9"," 0"," 14.1"," 4"," 19.4","999.9","  51.3"," ","  44.4"," "," 0.00","I","999.9","000000"
"01352099999","2024-09-04","60.1833333","7.4833333","1250.0","SANDHAUG, NO","  52.6"," 4","  51.8"," 4","9999.9"," 0","999.9"," 0","999.9"," 0","  5.3"," 4","  7.8","999.9","  53.4"," ","  52.2"," "," 0.00","I","999.9","000000"
"01352099999","2024-09-05","60.1833333","7.4833333","1250.0","SANDHAUG, NO","  56.6"," 4","  50.0"," 4","9999.9"," 0","999.9"," 0","999.9"," 0","  6.8"," 4","  9.7","999.9","  65.5"," ","  50.2"," "," 0.00","I","999.9","000000"
"01352099999","2024-09-06","60.1833333","7.4833333","1250.0","SANDHAUG, NO","  51.9"," 5","  47.2"," 5","9999.9"," 0","999.9"," 0","999.9"," 0","  3.7"," 5","  7.8","999.9","  64.0"," ","  44.1"," "," 0.00","I","999.9","000000"
"01352099999","2024-09-07","60.1833333","7.4833333","1250.0","SANDHAUG, NO","  50.7"," 4","  44.6"," 4","9999.9"," 0","999.9"," 0","999.9"," 0","  6.3"," 4","  9.7","999.9","  61.0"," ","  41.0"," "," 0.00","I","999.9","000000"
"01352099999","2024-09-08","60.1833333","7.4833333","1250.0","SANDHAUG, NO","  52.7"," 4","  49.6"," 4","9999.9"," 0","999.9"," 0","999.9"," 0","  7.8"," 4"," 11.7","999.9","  56.5"," ","  47.8"," "," 0.00","I","999.9","000000"
"01352099999","2024-09-09","60.1833333","7.4833333","1250.0","SANDHAUG, NO","  48.8"," 4","  47.0"," 4","9999.9"," 0","999.9"," 0","999.9"," 0","  9.2"," 4"," 11.7","999.9","  52.9"," ","  40.3"," "," 0.00","I","999.9","000000"
"01352099999","2024-09-10","60.1833333","7.4833333","1250.0","SANDHAUG, NO","  37.4"," 4","  34.0"," 4","9999.9"," 0","999.9"," 0","999.9"," 0"," 16.0"," 4"," 21.4","999.9","  41.4"," ","  34.9"," "," 0.00","I","999.9","000000"
"01352099999","2024-09-11","60.1833333","7.4833333","1250.0","SANDHAUG, NO","  35.3"," 4","  33.1"," 4","9999.9"," 0","999.9"," 0","999.9"," 0"," 19.9"," 4"," 27.2","999.9","  36.3"," ","  33.3"," "," 0.00","I","999.9","000000"
"01352099999","2024-09-12","60.1833333","7.4833333","1250.0","SANDHAUG, NO","  35.4"," 4","  32.2"," 4","9999.9"," 0","999.9"," 0","999.9"," 0"," 12.6"," 4"," 15.5","999.9","  39.6"," ","  33.3"," "," 0.00","I","999.9","000000"
"01352099999","2024-09-14","60.1833333","7.4833333","1250.0","SANDHAUG, NO","  36.6"," 4","  31.3"," 4","9999.9"," 0","999.9"," 0","999.9"," 0","  5.3"," 4","  7.8","999.9","  41.9"," ","  30.4"," "," 0.00","I","999.9","000000"
"01352099999","2024-09-15","60.1833333","7.4833333","1250.0","SANDHAUG, NO","  43.8"," 4","  42.8"," 4","9999.9"," 0","999.9"," 0","999.9"," 0","  9.7"," 4"," 15.5","999.9","  47.5"," ","  39.9"," "," 0.00","I","999.9","000000"
"01352099999","2024-09-16","60.1833333","7.4833333","1250.0","SANDHAUG, NO","  41.8"," 4","  38.5"," 4","9999.9"," 0","999.9"," 0","999.9"," 0","  8.3"," 4"," 11.7","999.9","  46.0"," ","  36.1"," "," 0.00","I","999.9","000000"
"01352099999","2024-09-17","60.1833333","7.4833333","1250.0","SANDHAUG, NO","  44.2"," 4","  36.8"," 4","9999.9"," 0","999.9"," 0","999.9"," 0","  4.4"," 4","  9.7","999.9","  53.2"," ","  34.0"," "," 0.00","I","999.9","000000"
"01352099999","2024-09-18","60.1833333","7.4833333","1250.0","SANDHAUG, NO","  48.2"," 5","  42.4"," 5","9999.9"," 0","999.9"," 0","999.9"," 0","  1.0"," 4","  1.9","999.9","  64.9"," ","  38.5"," "," 0.00","I","999.9","000000"
"01352099999","2024-09-19","60.1833333","7.4833333","1250.0","SANDHAUG, NO","  48.1"," 5","  42.9"," 5","9999.9"," 0","999.9"," 0","999.9"," 0","  1.9"," 4","  3.9","999.9","  63.3"," ","  38.7"," "," 0.03","G","999.9","000000"
"01352099999","2024-09-20","60.1833333","7.4833333","1250.0","SANDHAUG, NO","  49.0"," 4","  44.9"," 4","9999.9"," 0","999.9"," 0","999.9"," 0","  2.9"," 4","  7.8","999.9","  59.4"," ","  39.7"," "," 0.00","G","999.9","000000"
"01352099999","2024-09-21","60.1833333","7.4833333","1250.0","SANDHAUG, NO","  50.0"," 4","  42.2"," 4","9999.9"," 0","999.9"," 0","999.9"," 0","  4.4"," 4","  5.8","999.9","  61.2"," ","  40.1"," "," 0.00","I","999.9","000000"
"01352099999","2024-09-22","60.1833333","7.4833333","1250.0","SANDHAUG, NO","  46.4"," 4","  40.7"," 4","9999.9"," 0","999.9"," 0","999.9"," 0","  3.9"," 4","  7.8","999.9","  54.3"," ","  39.4"," "," 0.00","I","999.9","000000"
"01352099999","2024-09-23","60.1833333","7.4833333","1250.0","SANDHAUG, NO","  38.7"," 4","  32.9"," 4","9999.9"," 0","999.9"," 0","999.9"," 0","  5.8"," 4"," 11.7","999.9","  47.7"," ","  29.5"," "," 0.00","I","999.9","000000"
"01352099999","2024-09-24","60.1833333","7.4833333","1250.0","SANDHAUG, NO","  40.8"," 4","  38.8"," 4","9999.9"," 0","999.9"," 0","999.9"," 0","  5.8"," 4","  7.8","999.9","  42.6"," ","  39.4"," "," 0.00","I","999.9","000000"
"01352099999","2024-09-25","60.1833333","7.4833333","1250.0","SANDHAUG, NO","  37.4"," 4","  34.9"," 4","9999.9"," 0","999.9"," 0","999.9"," 0"," 12.1"," 4"," 17.5","999.9","  40.1"," ","  34.0"," "," 0.00","I","999.9","000000"
"01352099999","2024-09-26","60.1833333","7.4833333","1250.0","SANDHAUG, NO","  33.0"," 4","  26.8"," 4","9999.9"," 0","999.9"," 0","999.9"," 0","  6.8"," 4"," 13.6","999.9","  39.4"," ","  27.1"," "," 0.00","I","999.9","000000"
"01352099999","2024-09-27","60.1833333","7.4833333","1250.0","SANDHAUG, NO","  30.1"," 4","  24.1"," 4","9999.9"," 0","999.9"," 0","999.9"," 0","  7.8"," 4"," 11.7","999.9","  38.1"," ","  23.9"," "," 0.00","I","999.9","000000"
"01352099999","2024-09-28","60.1833333","7.4833333","1250.0","SANDHAUG, NO","  27.5"," 4","  24.7"," 4","9999.9"," 0","999.9"," 0","999.9"," 0"," 22.3"," 4"," 29.1","999.9","  29.5"," ","  25.3"," "," 0.00","I","999.9","000000"
"01352099999","2024-09-29","60.1833333","7.4833333","1250.0","SANDHAUG, NO","  29.2"," 4","  26.2"," 4","9999.9"," 0","999.9"," 0","999.9"," 0"," 10.2"," 4"," 17.5","999.9","  32.0"," ","  25.9"," "," 0.00","I","999.9","000000"
"01352099999","2024-10-01","60.1833333","7.4833333","1250.0","SANDHAUG, NO","  33.8"," 4","  29.1"," 4","9999.9"," 0","999.9"," 0","999.9"," 0","  6.8"," 4","  9.7","999.9","  40.1"," ","  27.3"," "," 0.00","I","999.9","000000"
"01352099999","2024-10-02","60.1833333","7.4833333","1250.0","SANDHAUG, NO","  34.9"," 5","  29.4"," 5","9999.9"," 0","999.9"," 0","999.9"," 0","  8.2"," 5"," 15.5"," 18.1","  41.7"," ","  27.3"," "," 0.00","I","999.9","000000"
"01352099999","2024-10-03","60.1833333","7.4833333","1250.0","SANDHAUG, NO","  32.3"," 4","  29.5"," 4","9999.9"," 0","999.9"," 0","999.9"," 0","  2.4"," 4","  9.7","999.9","  39.0"," ","  26.6"," "," 0.00","I","999.9","000000"
"01352099999","2024-10-04","60.1833333","7.4833333","1250.0","SANDHAUG, NO","  35.2"," 5","  27.4"," 5","9999.9"," 0","999.9"," 0","999.9"," 0","  4.4"," 5","  5.8","999.9","  45.0"," ","  24.6"," "," 0.00","I","999.9","000000"
"01352099999","2024-10-05","60.1833333","7.4833333","1250.0","SANDHAUG, NO","  36.4"," 4","  32.8"," 4","9999.9"," 0","999.9"," 0","999.9"," 0","  7.3"," 4"," 11.7","999.9","  38.1"," ","  33.3"," "," 0.00","I","999.9","000000"
"01352099999","2024-10-06","60.1833333","7.4833333","1250.0","SANDHAUG, NO","  37.1"," 4","  32.8"," 4","9999.9"," 0","999.9"," 0","999.9"," 0","  7.8"," 4"," 11.7","999.9","  37.9"," ","  36.1"," "," 0.00","I","999.9","000000"
"01352099999","2024-10-07","60.1833333","7.4833333","1250.0","SANDHAUG, NO","  34.0"," 5","  32.6"," 5","9999.9"," 0","999.9"," 0","999.9"," 0"," 11.5"," 5"," 15.5","999.9","  35.2"," ","  32.0"," "," 0.00","I","999.9","000000"
"01352099999","2024-10-08","60.1833333","7.4833333","1250.0","SANDHAUG, NO","  39.0"," 4","  38.0"," 4","9999.9"," 0","999.9"," 0","999.9"," 0"," 12.1"," 4"," 13.6","999.9","  42.1"," ","  36.1"," "," 0.00","I","999.9","000000"
"01352099999","2024-10-09","60.1833333","7.4833333","1250.0","SANDHAUG, NO","  40.0"," 4","  37.7"," 4","9999.9"," 0","999.9"," 0","999.9"," 0"," 12.1"," 4"," 15.5","999.9","  42.1"," ","  38.3"," "," 0.00","I","999.9","000000"
"01352099999","2024-10-10","60.1833333","7.4833333","1250.0","SANDHAUG, NO","  31.9"," 4","  30.1"," 4","9999.9"," 0","999.9"," 0","999.9"," 0"," 11.2"," 4"," 17.5","999.9","  38.1"," ","  25.0"," "," 0.00","I","999.9","000000"
"01352099999","2024-10-11","60.1833333","7.4833333","1250.0","SANDHAUG, NO","  26.0"," 4","  23.1"," 4","9999.9"," 0","999.9"," 0","999.9"," 0"," 10.7"," 4"," 15.5","999.9","  28.8"," ","  24.1"," "," 0.00","I","999.9","000000"
"01352099999","2024-10-12","60.1833333","7.4833333","1250.0","SANDHAUG, NO","  28.5"," 4","  26.3"," 4","9999.9"," 0","999.9"," 0","999.9"," 0"," 10.7"," 4"," 15.5","999.9","  31.3"," ","  23.2"," "," 0.00","I","999.9","000000"
"01352099999","2024-10-13","60.1833333","7.4833333","1250.0","SANDHAUG, NO","  31.5"," 4","  30.0"," 4","9999.9"," 0","999.9"," 0","999.9"," 0","  9.7"," 4"," 15.5","999.9","  33.1"," ","  30.7"," "," 0.00","I","999.9","000000"
"01352099999","2024-10-14","60.1833333","7.4833333","1250.0","SANDHAUG, NO","  24.0"," 4","  21.8"," 4","9999.9"," 0","999.9"," 0","999.9"," 0","  7.8"," 4"," 13.6","999.9","  28.8"," ","  17.6"," "," 0.00","I","999.9","000000"
"01352099999","2024-10-15","60.1833333","7.4833333","1250.0","SANDHAUG, NO","  30.7"," 7","  29.2"," 7","9999.9"," 0","999.9"," 0","999.9"," 0","  6.4"," 7","  8.4"," 12.6","  34.2"," ","  16.0"," "," 0.00","I","999.9","000000"
"01352099999","2024-10-16","60.1833333","7.4833333","1250.0","SANDHAUG, NO","  32.3"," 4","  29.1"," 4","9999.9"," 0","999.9"," 0","999.9"," 0"," 15.1"," 4"," 21.4","999.9","  33.6"," ","  29.5"," "," 0.00","I","999.9","000000"
"01352099999","2024-10-17","60.1833333","7.4833333","1250.0","SANDHAUG, NO","  35.9"," 8","  35.1"," 8","9999.9"," 0","999.9"," 0","999.9"," 0"," 12.9"," 8"," 17.5"," 22.0","  37.0"," ","  33.4"," "," 0.00","I","999.9","000000"
"01352099999","2024-10-18","60.1833333","7.4833333","1250.0","SANDHAUG, NO","  38.7"," 7","  37.7"," 7","9999.9"," 0","999.9"," 0","999.9"," 0","  5.5"," 7","  9.7"," 14.0","  43.5"," ","  36.0"," "," 0.06","G","999.9","000000"
"01352099999","2024-10-19","60.1833333","7.4833333","1250.0","SANDHAUG, NO","  41.0"," 6","  40.6"," 6","9999.9"," 0","999.9"," 0","999.9"," 0","  7.9"," 6"," 11.7","999.9","  43.2"," ","  37.6"," "," 0.00","G","999.9","000000"
"01352099999","2024-10-20","60.1833333","7.4833333","1250.0","SANDHAUG, NO","  40.4"," 4","  38.7"," 4","9999.9"," 0","999.9"," 0","999.9"," 0"," 14.6"," 4"," 21.4","999.9","  41.9"," ","  38.3"," "," 0.00","I","999.9","000000"
"01352099999","2024-10-21","60.1833333","7.4833333","1250.0","SANDHAUG, NO","  36.2"," 4","  33.6"," 4","9999.9"," 0","999.9"," 0","999.9"," 0"," 24.3"," 4"," 27.2","999.9","  39.0"," ","  33.3"," "," 0.00","I","999.9","000000"
"01352099999","2024-10-22","60.1833333","7.4833333","1250.0","SANDHAUG, NO","  33.0"," 4","  31.4"," 4","9999.9"," 0","999.9"," 0","999.9"," 0"," 17.0"," 4"," 21.4","999.9","  35.1"," ","  29.3"," "," 0.00","I","999.9","000000"
"01352099999","2024-10-23","60.1833333","7.4833333","1250.0","SANDHAUG, NO","  35.1"," 5","  32.4"," 5","9999.9"," 0","999.9"," 0","999.9"," 0"," 23.9"," 5"," 29.1"," 38.7","  38.7"," ","  30.4"," "," 0.00","I","999.9","000000"
"01352099999","2024-10-24","60.1833333","7.4833333","1250.0","SANDHAUG, NO","  36.8"," 5","  33.3"," 5","9999.9"," 0","999.9"," 0","999.9"," 0","  8.3"," 5"," 17.5","999.9","  39.6"," ","  34.2"," "," 0.00","I","999.9","000000"
"01352099999","2024-10-25","60.1833333","7.4833333","1250.0","SANDHAUG, NO","  34.0"," 6","  30.8"," 6","9999.9"," 0","999.9"," 0","999.9"," 0","  4.7"," 6","  9.7"," 14.8","  37.9"," ","  29.7"," "," 0.00","I","999.9","000000"
"01352099999","2024-10-27","60.1833333","7.4833333","1250.0","SANDHAUG, NO","  31.3"," 4","  29.5"," 4","9999.9"," 0","999.9"," 0","999.9"," 0"," 16.0"," 4"," 23.3","999.9","  33.3"," ","  29.8"," "," 0.00","I","999.9","000000"
"01352099999","2024-10-28","60.1833333","7.4833333","1250.0","SANDHAUG, NO","  31.8"," 5","  29.2"," 5","9999.9"," 0","999.9"," 0","999.9"," 0","  9.9"," 5"," 13.6"," 19.4","  33.4"," ","  27.5"," "," 0.00","I","999.9","000000"
"01352099999","2024-10-29","60.1833333","7.4833333","1250.0","SANDHAUG, NO","  33.3"," 5","  29.5"," 5","9999.9"," 0","999.9"," 0","999.9"," 0"," 10.1"," 5"," 25.3","999.9","  37.9"," ","  25.2"," "," 0.00","I","999.9","000000"
"01352099999","2024-10-30","60.1833333","7.4833333","1250.0","SANDHAUG, NO","  32.2"," 4","  29.9"," 4","9999.9"," 0","999.9"," 0","999.9"," 0"," 23.8"," 4"," 29.1","999.9","  33.4"," ","  31.1"," "," 0.00","I","999.9","000000"
"01352099999","2024-10-31","60.1833333","7.4833333","1250.0","SANDHAUG, NO","  36.7"," 5","  34.8"," 5","9999.9"," 0","999.9"," 0","999.9"," 0"," 23.9"," 5"," 29.1"," 31.1","  40.3"," ","  31.6"," "," 0.11","G","999.9","000000"
"01352099999","2024-11-01","60.1833333","7.4833333","1250.0","SANDHAUG, NO","  27.0"," 5","  24.8"," 5","9999.9"," 0","999.9"," 0","999.9"," 0"," 27.4"," 5"," 35.0"," 41.4","  40.3"," ","  19.9"," "," 0.66","G","999.9","000000"
"01352099999","2024-11-02","60.1833333","7.4833333","1250.0","SANDHAUG, NO","  24.4"," 4","  22.0"," 4","9999.9"," 0","999.9"," 0","999.9"," 0"," 13.1"," 4"," 17.5","999.9","  31.8"," ","  20.5"," "," 0.00","G","999.9","000000"
"01352099999","2024-11-03","60.1833333","7.4833333","1250.0","SANDHAUG, NO","  36.2"," 4","  34.4"," 4","9999.9"," 0","999.9"," 0","999.9"," 0"," 19.9"," 4"," 31.1","999.9","  37.4"," ","  34.3"," "," 0.00","I","999.9","000000"
"01352099999","2024-11-04","60.1833333","7.4833333","1250.0","SANDHAUG, NO","  33.9"," 7","  33.7"," 5","9999.9"," 0","999.9"," 0","999.9"," 0","  6.7"," 7","  9.7"," 10.7","  36.7"," ","  30.0"," "," 0.00","I","999.9","000000"
"01352099999","2024-11-05","60.1833333","7.4833333","1250.0","SANDHAUG, NO","  30.3"," 8","  28.6"," 8","9999.9"," 0","999.9"," 0","999.9"," 0","  0.3"," 8","  2.3","999.9","  37.6"," ","  25.3"," "," 0.00","I","999.9","000000"
"01352099999","2024-11-06","60.1833333","7.4833333","1250.0","SANDHAUG, NO","  32.7"," 9","  28.9"," 9","9999.9"," 0","999.9"," 0","999.9"," 0","  6.5"," 9"," 13.6"," 14.0","  40.1"," ","  25.3"," "," 0.00","I","999.9","000000"
"01352099999","2024-11-07","60.1833333","7.4833333","1250.0","SANDHAUG, NO","  33.5"," 6","  32.6"," 6","9999.9"," 0","999.9"," 0","999.9"," 0","  2.4"," 6","  4.7"," 10.9","  43.3"," ","  27.0"," "," 0.00","I","999.9","000000"
"01352099999","2024-11-08","60.1833333","7.4833333","1250.0","SANDHAUG, NO","  34.4"," 7","  32.7"," 7","9999.9"," 0","999.9"," 0","999.9"," 0","  1.5"," 7","  4.7","999.9","  43.0"," ","  27.0"," "," 0.00","I","999.9","000000"
"01352099999","2024-11-09","60.1833333","7.4833333","1250.0","SANDHAUG, NO","  28.6"," 4","  27.0"," 4","9999.9"," 0","999.9"," 0","999.9"," 0","  1.9"," 4","  3.9","999.9","  36.5"," ","  24.8"," "," 0.00","I","999.9","000000"
"01352099999","2024-11-10","60.1833333","7.4833333","1250.0","SANDHAUG, NO","  26.3"," 4","  25.0"," 4","9999.9"," 0","999.9"," 0","999.9"," 0","  4.9"," 4","  5.8","999.9","  29.1"," ","  22.5"," "," 0.00","I","999.9","000000"
"01352099999","2024-11-11","60.1833333","7.4833333","1250.0","SANDHAUG, NO","  29.7"," 4","  28.7"," 4","9999.9"," 0","999.9"," 0","999.9"," 0","  7.8"," 4"," 11.7","999.9","  30.6"," ","  27.7"," "," 0.00","I","999.9","000000"
"01352099999","2024-11-12","60.1833333","7.4833333","1250.0","SANDHAUG, NO","  30.7"," 4","  29.5"," 4","9999.9"," 0","999.9"," 0","999.9"," 0"," 10.7"," 4"," 13.6","999.9","  33.1"," ","  25.7"," "," 0.00","I","999.9","000000"
"01352099999","2024-11-13","60.1833333","7.4833333","1250.0","SANDHAUG, NO","  33.2"," 5","  32.4"," 5","9999.9"," 0","999.9"," 0","999.9"," 0"," 18.1"," 5"," 25.3"," 27.0","  36.5"," ","  30.6"," "," 0.00","I","999.9","000000"
"01352099999","2024-11-14","60.1833333","7.4833333","1250.0","SANDHAUG, NO","  28.5"," 6","  24.3"," 6","9999.9"," 0","999.9"," 0","999.9"," 0"," 22.6"," 6"," 31.1"," 35.9","  32.2"," ","  25.9"," "," 0.00","I","999.9","000000"
"01352099999","2024-11-15","60.1833333","7.4833333","1250.0","SANDHAUG, NO","  36.8"," 7","  34.2"," 7","9999.9"," 0","999.9"," 0","999.9"," 0"," 17.1"," 7"," 27.2","999.9","  38.3"," ","  35.2"," "," 0.00","I","999.9","000000"
"01352099999","2024-11-16","60.1833333","7.4833333","1250.0","SANDHAUG, NO","  23.3","11","  21.5","11","9999.9"," 0","999.9"," 0","999.9"," 0"," 25.8","11"," 30.5"," 46.4","  29.8"," ","  19.9"," "," 0.00","I","999.9","000000"
"01352099999","2024-11-17","60.1833333","7.4833333","1250.0","SANDHAUG, NO","  23.6"," 7","  22.0"," 7","9999.9"," 0","999.9"," 0","999.9"," 0"," 19.9"," 7"," 26.0"," 33.6","  25.2"," ","  19.6"," "," 0.00","I","999.9","000000"
"01352099999","2024-11-22","60.1833333","7.4833333","1250.0","SANDHAUG, NO","   6.2","19","   1.0","19","9999.9"," 0","999.9"," 0","999.9"," 0"," 12.7","19"," 21.0"," 28.0","  15.3"," ","  -3.6"," "," 0.00","G","999.9","000000"
"01352099999","2024-11-23","60.1833333","7.4833333","1250.0","SANDHAUG, NO","  13.2"," 6","  10.6"," 6","9999.9"," 0","999.9"," 0","999.9"," 0","  9.7"," 6"," 21.4","999.9","  18.3"," ","   6.6"," "," 0.00","I","999.9","000000"
"01352099999","2024-11-24","60.1833333","7.4833333","1250.0","SANDHAUG, NO","  26.6"," 4","  25.4"," 4","9999.9"," 0","999.9"," 0","999.9"," 0"," 18.9"," 4"," 21.4","999.9","  34.9"," ","  20.3"," "," 0.00","I","999.9","000000"
"01352099999","2024-11-25","60.1833333","7.4833333","1250.0","SANDHAUG, NO","  30.1"," 4","  28.9"," 4","9999.9"," 0","999.9"," 0","999.9"," 0"," 17.0"," 4"," 19.4","999.9","  31.5"," ","  28.6"," "," 0.00","I","999.9","000000"
"01352099999","2024-11-27","60.1833333","7.4833333","1250.0","SANDHAUG, NO","  26.0"," 4","  23.5"," 4","9999.9"," 0","999.9"," 0","999.9"," 0","  1.0"," 4","  1.9","999.9","  27.1"," ","  24.6"," "," 0.00","I","999.9","000000"
"01352099999","2024-11-28","60.1833333","7.4833333","1250.0","SANDHAUG, NO","  -0.3","11","  -3.3","11","9999.9"," 0","999.9"," 0","999.9"," 0","  0.7","11","  5.8","999.9","  13.5"," ","  -7.1"," "," 0.00","I","  2.4","000000"
"01352099999","2024-11-29","60.1833333","7.4833333","1250.0","SANDHAUG, NO","  24.6"," 5","  20.5"," 5","9999.9"," 0","999.9"," 0","999.9"," 0","  9.7"," 5"," 19.4","999.9","  34.5"," ","  -1.3"," "," 0.00","I","  2.0","000000"
"01352099999","2024-11-30","60.1833333","7.4833333","1250.0","SANDHAUG, NO","  33.5"," 4","  29.5"," 4","9999.9"," 0","999.9"," 0","999.9"," 0"," 17.0"," 4"," 23.3","999.9","  35.6"," ","  30.9"," "," 0.00","I","999.9","000000"
"01352099999","2024-12-02","60.1833333","7.4833333","1250.0","SANDHAUG, NO","  30.1"," 4","  29.1"," 4","9999.9"," 0","999.9"," 0","999.9"," 0","  8.7"," 4"," 13.6","999.9","  34.5"," ","  22.8"," "," 0.00","I","999.9","000000"
"01352099999","2024-12-04","60.1833333","7.4833333","1250.0","SANDHAUG, NO","   9.6"," 4","   6.1"," 4","9999.9"," 0","999.9"," 0","999.9"," 0"," 12.6"," 4"," 21.4","999.9","  17.2"," ","   3.9"," "," 0.00","I","999.9","000000"
"01352099999","2024-12-05","60.1833333","7.4833333","1250.0","SANDHAUG, NO","  22.7"," 5","  21.4"," 5","9999.9"," 0","999.9"," 0","999.9"," 0"," 24.7"," 5"," 31.1"," 37.9","  24.6"," ","  14.2"," "," 0.00","I","999.9","000000"
"01352099999","2024-12-06","60.1833333","7.4833333","1250.0","SANDHAUG, NO","  23.8"," 4","  22.6"," 4","9999.9"," 0","999.9"," 0","999.9"," 0","  7.8"," 4","  9.7","999.9","  24.4"," ","  21.2"," "," 0.00","I","999.9","000000"
"01352099999","2024-12-07","60.1833333","7.4833333","1250.0","SANDHAUG, NO","  22.5"," 4","  21.5"," 4","9999.9"," 0","999.9"," 0","999.9"," 0","  8.7"," 4","  9.7","999.9","  23.4"," ","  21.9"," "," 0.00","I","999.9","000000"
"01352099999","2024-12-08","60.1833333","7.4833333","1250.0","SANDHAUG, NO","  12.5"," 4","  10.9"," 4","9999.9"," 0","999.9"," 0","999.9"," 0","  3.9"," 4","  9.7","999.9","  21.6"," ","  -2.6"," "," 0.00","I","999.9","000000"
"01352099999","2024-12-09","60.1833333","7.4833333","1250.0","SANDHAUG, NO","  -1.9","12","  -6.2","12","9999.9"," 0","999.9"," 0","999.9"," 0","  0.0","12","999.9","999.9","  15.4"," ","  -7.8"," "," 0.00","I","999.9","000000"
"01352099999","2024-12-10","60.1833333","7.4833333","1250.0","SANDHAUG, NO","  20.1"," 4","   9.9"," 4","9999.9"," 0","999.9"," 0","999.9"," 0","  5.8"," 4"," 11.7","999.9","  31.5"," ","  12.4"," "," 0.00","I","999.9","000000"
"01352099999","2024-12-11","60.1833333","7.4833333","1250.0","SANDHAUG, NO","  26.9"," 5","  23.8"," 5","9999.9"," 0","999.9"," 0","999.9"," 0"," 12.8"," 5"," 25.3"," 29.3","  33.6"," ","  13.5"," "," 0.00","I","999.9","000000"
"01352099999","2024-12-12","60.1833333","7.4833333","1250.0","SANDHAUG, NO","  23.5"," 4","  21.7"," 4","9999.9"," 0","999.9"," 0","999.9"," 0","  9.7"," 4"," 17.5","999.9","  30.2"," ","  12.0"," "," 0.00","I","999.9","000000"
"01352099999","2024-12-13","60.1833333","7.4833333","1250.0","SANDHAUG, NO","  30.0"," 4","  28.5"," 4","9999.9"," 0","999.9"," 0","999.9"," 0"," 16.0"," 4"," 19.4","999.9","  30.7"," ","  28.6"," "," 0.00","I","999.9","000000"
"01352099999","2024-12-14","60.1833333","7.4833333","1250.0","SANDHAUG, NO","  21.9"," 4","  20.4"," 4","9999.9"," 0","999.9"," 0","999.9"," 0"," 22.8"," 4"," 25.3","999.9","  27.5"," ","  18.7"," "," 0.00","I","999.9","000000"
"01352099999","2024-12-15","60.1833333","7.4833333","1250.0","SANDHAUG, NO","  28.7"," 4","  26.6"," 4","9999.9"," 0","999.9"," 0","999.9"," 0"," 24.3"," 4"," 40.8","999.9","  34.5"," ","  19.0"," "," 0.00","I","999.9","000000"
"01352099999","2024-12-16","60.1833333","7.4833333","1250.0","SANDHAUG, NO","  24.7"," 4","  23.8"," 4","9999.9"," 0","999.9"," 0","999.9"," 0"," 27.7"," 4"," 35.0","999.9","  27.5"," ","  23.4"," "," 0.00","I","999.9","000000"
"01352099999","2024-12-17","60.1833333","7.4833333","1250.0","SANDHAUG, NO","  22.8"," 4","  21.6"," 4","9999.9"," 0","999.9"," 0","999.9"," 0"," 16.5"," 4"," 27.2","999.9","  26.4"," ","  20.1"," "," 0.00","I","999.9","000000"
"01352099999","2024-12-19","60.1833333","7.4833333","1250.0","SANDHAUG, NO","  23.0"," 4","  21.3"," 4","9999.9"," 0","999.9"," 0","999.9"," 0"," 22.8"," 4"," 27.2","999.9","  26.8"," ","  20.1"," "," 0.00","I","999.9","000000"
"01352099999","2024-12-20","60.1833333","7.4833333","1250.0","SANDHAUG, NO","  18.4"," 4","  16.1"," 4","9999.9"," 0","999.9"," 0","999.9"," 0"," 18.5"," 4"," 31.1","999.9","  21.2"," ","  15.6"," "," 0.00","I","999.9","000000"
"01352099999","2024-12-21","60.1833333","7.4833333","1250.0","SANDHAUG, NO","  25.6"," 4","  24.3"," 4","9999.9"," 0","999.9"," 0","999.9"," 0"," 16.5"," 4"," 23.3","999.9","  27.3"," ","  24.6"," "," 0.00","I","999.9","000000"
"01352099999","2024-12-22","60.1833333","7.4833333","1250.0","SANDHAUG, NO","  22.1"," 4","  20.7"," 4","9999.9"," 0","999.9"," 0","999.9"," 0"," 12.1"," 4"," 21.4","999.9","  27.3"," ","  11.8"," "," 0.00","I","999.9","000000"
"01352099999","2024-12-23","60.1833333","7.4833333","1250.0","SANDHAUG, NO","  15.2"," 5","  13.5"," 5","9999.9"," 0","999.9"," 0","999.9"," 0"," 10.3"," 5"," 15.5"," 21.4","  24.8"," ","   2.7"," "," 0.04","G","999.9","000000"
"01352099999","2024-12-24","60.1833333","7.4833333","1250.0","SANDHAUG, NO","  29.5"," 4","  27.9"," 4","9999.9"," 0","999.9"," 0","999.9"," 0"," 15.1"," 4"," 25.3","999.9","  36.5"," ","  19.6"," "," 0.00","G","999.9","000000"
"01352099999","2024-12-25","60.1833333","7.4833333","1250.0","SANDHAUG, NO","  36.7"," 4","  35.2"," 4","9999.9"," 0","999.9"," 0","999.9"," 0"," 21.9"," 4"," 25.3","999.9","  39.0"," ","  35.1"," "," 0.00","I","999.9","000000"
"01352099999","2024-12-26","60.1833333","7.4833333","1250.0","SANDHAUG, NO","  32.3"," 4","  30.4"," 4","9999.9"," 0","999.9"," 0","999.9"," 0"," 16.0"," 4"," 21.4","999.9","  35.4"," ","  27.0"," "," 0.00","I","999.9","000000"
"01352099999","2024-12-27","60.1833333","7.4833333","1250.0","SANDHAUG, NO","  29.4"," 4","  27.9"," 4","9999.9"," 0","999.9"," 0","999.9"," 0","  6.8"," 4","  9.7","999.9","  32.5"," ","  25.5"," "," 0.00","I","999.9","000000"
"01352099999","2024-12-28","60.1833333","7.4833333","1250.0","SANDHAUG, NO","  31.7"," 4","  30.4"," 4","9999.9"," 0","999.9"," 0","999.9"," 0"," 17.5"," 4"," 19.4","999.9","  33.1"," ","  30.0"," "," 0.00","I","999.9","000000"
"01352099999","2024-12-29","60.1833333","7.4833333","1250.0","SANDHAUG, NO","  26.2"," 4","  24.9"," 4","9999.9"," 0","999.9"," 0","999.9"," 0"," 19.4"," 4"," 21.4","999.9","  29.5"," ","  21.0"," "," 0.00","I","999.9","000000"
"01352099999","2024-12-30","60.1833333","7.4833333","1250.0","SANDHAUG, NO","  14.0"," 5","  11.3"," 5","9999.9"," 0","999.9"," 0","999.9"," 0"," 15.2"," 5"," 21.4","999.9","  25.9"," ","   8.8"," "," 0.02","G","999.9","000000"
"01352099999","2024-12-31","60.1833333","7.4833333","1250.0","SANDHAUG, NO","  12.1"," 5","   9.7"," 5","9999.9"," 0","999.9"," 0","999.9"," 0"," 16.2"," 5"," 27.2","999.9","  12.9"," ","   9.1"," "," 0.00","G","999.9","000000"
